,country,year,arousal_md_av,arousal_md_num1,arousal_md_num10,arousal_md_num2,arousal_md_num3,arousal_md_num4,arousal_md_num5,arousal_md_num6,arousal_md_num7,arousal_md_num8,arousal_md_num9,arousal_th_av,arousal_th_num1,arousal_th_num10,arousal_th_num2,arousal_th_num3,arousal_th_num4,arousal_th_num5,arousal_th_num6,arousal_th_num7,arousal_th_num8,arousal_th_num9,valence_md_av,valence_md_num1,valence_md_num10,valence_md_num2,valence_md_num3,valence_md_num4,valence_md_num5,valence_md_num6,valence_md_num7,valence_md_num8,valence_md_num9,valence_th_av,valence_th_num1,valence_th_num10,valence_th_num2,valence_th_num3,valence_th_num4,valence_th_num5,valence_th_num6,valence_th_num7,valence_th_num8,valence_th_num9,regional_climate,suicide_uk,suicide_rate,wcovered_valence_old,totalcount,yearvalence_old,variance_valence,count_yearvalence_pmin,yearvalence_pmin,count_yearvalence_top,yearvalence_top,count_yearvalence_p5,yearvalence_p5,yeararousal,pcgdpmaddison,popmaddison000,satislfe,std_satislfe,rgdpch,genderequalinheritance,historicalgenderequalityindex,sexratio,incomeinequality,inflation,labourersrealwage,politicalcompetition,polity2index,armedconflictsintertiol,homiciderates,armedconflictsinterl,averageyearsofeducation,educatiolinequalityginicoefficie,latentdemocracyvariable,politicalparticipation,heightgini,height,infantmortality,lifeexpectancyatbirthtotal,numeracytotal,totalgrosscentralgovernmentdebta,totalpopulation,birth,death,marriage,infantdeath,unemployment,moneysupply_m1,moneysupply_m2,total_central_govenment_expendit,total_central_govenment_revenue,primarypupil,primaryteacher,secondarypupil,secondaryteacher,totalteacher,wageindustry,wageagriculture,urbanpopulation,match_count,val_score,match_count_d_max_diff_top_25_an,val_score_d_max_diff_top_25_anew,match_count_c_max_diff_top_25_an,val_score_c_max_diff_top_25_anew,match_count_d_max_diff_top_50_an,val_score_d_max_diff_top_50_anew,match_count_c_max_diff_top_50_an,val_score_c_max_diff_top_50_anew,match_count_d_max_diff_mean_anew,val_score_d_max_diff_mean_anew,match_count_c_max_diff_mean_anew,val_score_c_max_diff_mean_anew,match_count_d_mean_diff_top_25_a,val_score_d_mean_diff_top_25_ane,match_count_c_mean_diff_top_25_a,val_score_c_mean_diff_top_25_ane,match_count_d_mean_diff_top_50_a,val_score_d_mean_diff_top_50_ane,match_count_c_mean_diff_top_50_a,val_score_c_mean_diff_top_50_ane,match_count_d_mean_diff_mean_ane,val_score_d_mean_diff_mean_anew,match_count_c_mean_diff_mean_ane,val_score_c_mean_diff_mean_anew,val_score_d_max_diff_top_25_15,match_count_d_max_diff_top_25_30,val_score_d_max_diff_top_25_30,match_count_c_max_diff_top_25_15,val_score_c_max_diff_top_25_15,match_count_c_max_diff_top_25_30,val_score_c_max_diff_top_25_30,match_count_d_max_diff_top_50_15,val_score_d_max_diff_top_50_15,match_count_d_max_diff_top_50_30,val_score_d_max_diff_top_50_30,match_count_c_max_diff_top_50_15,val_score_c_max_diff_top_50_15,match_count_c_max_diff_top_50_30,val_score_c_max_diff_top_50_30,match_count_d_max_diff_mean_15,val_score_d_max_diff_mean_15,match_count_d_max_diff_mean_30,val_score_d_max_diff_mean_30,match_count_c_max_diff_mean_15,val_score_c_max_diff_mean_15,match_count_c_max_diff_mean_30,val_score_c_max_diff_mean_30,match_count_d_mean_diff_top_25_1,val_score_d_mean_diff_top_25_15,match_count_d_mean_diff_top_25_3,val_score_d_mean_diff_top_25_30,match_count_c_mean_diff_top_25_1,val_score_c_mean_diff_top_25_15,match_count_c_mean_diff_top_25_3,val_score_c_mean_diff_top_25_30,match_count_d_mean_diff_top_50_1,val_score_d_mean_diff_top_50_15,match_count_d_mean_diff_top_50_3,val_score_d_mean_diff_top_50_30,match_count_c_mean_diff_top_50_1,val_score_c_mean_diff_top_50_15,match_count_c_mean_diff_top_50_3,val_score_c_mean_diff_top_50_30,match_count_d_mean_diff_mean_15,val_score_d_mean_diff_mean_15,match_count_d_mean_diff_mean_30,val_score_d_mean_diff_mean_30,match_count_c_mean_diff_mean_15,val_score_c_mean_diff_mean_15,match_count_c_mean_diff_mean_30,val_score_c_mean_diff_mean_30,val_score_coha,val_score_fmp,match_count_fmp,total_count_fmp,match_count_sentic_ples,pleasantness_sentic,match_count_afinn,valence_afinn,match_count_sentic_pol,polarity_sentic
0,uk,1973,5.093323584844615,4.714072594993594,4.872050430446985,5.037948262994362,3.8049643798339527,4.852395929702725,3.7525453246849714,6.122152134242043,6.064087561521567,5.117924366940662,6.59509486308529,5.121754824155857,4.789895080705092,5.166057646038913,5.090438555658412,4.430568273674113,5.019029417801387,3.9437655837713255,6.340690778854617,5.6288373113862615,4.615037909838836,6.193227683829608,5.220867755569726,4.989432771900226,5.216900651225563,5.387155145766448,4.755214082000181,4.9984590163571125,4.497597508265621,6.279682396936657,5.350769862234587,5.033481003245648,5.699985117765218,5.1905629748362,5.155709686691528,5.448296174772935,5.680252347650077,5.0217002311399614,4.852700475764268,4.7289826317370345,6.714702375217447,5.1077267328256974,4.7583917181725965,4.437167374390456,-0.01,3816.0,6.951233,0.12110415,1373822172.0,5.6046643,1.2484477,14607645.0,5.6087236,69984886.0,5.663628,72221077.0,5.64618,3.9878454,18795.0,56210.0,1.85,0.740351,15631.78,,,,,9.19262,71.1759,53.6,10.0,0.0,,1.0,,15.9972,1.35641,51.15,,,,72.38,,49.83,,13.7,11.9,16.2,17.0,2.6,13.3,32.84,20.0,18226000.0,5149.0,209.0,3551.0,204.0,413.0,70.0,64.0,,191946497.0,5.6012473,136068105.0,5.7503495,114231790.0,5.768883,170707497.0,5.6558948,159712995.0,5.678365,164749527.0,5.6714993,152427950.0,5.7032194,114983546.0,5.764066,96120460.0,5.789932,157364271.0,5.681235,140149527.0,5.71399,155146528.0,5.688204,145505713.0,5.7034154,5.675386,136068105.0,5.658894,114231790.0,5.6973176,114231790.0,5.6775713,170702976.0,5.625659,170702976.0,5.613663,159708474.0,5.6370106,159708474.0,5.625195,164745006.0,5.634878,164745006.0,5.622819,152427950.0,5.649802,152427950.0,5.63586,114983546.0,5.678794,114983546.0,5.6594615,96120460.0,5.709491,96120460.0,5.687358,157360080.0,5.638611,157360080.0,5.6268787,140149527.0,5.65746,140149527.0,5.642813,155142337.0,5.6411753,155142337.0,5.629294,145505713.0,5.6501126,145505713.0,5.63601,,,,,345827923.0,0.31098148,28697429.0,0.20758972,345827923.0,0.35511857
1,uk,1974,5.151823552396473,5.291440957268267,5.416300125102351,5.487645249433122,5.5209031553866135,5.578666263005502,4.201298861175128,3.869629378381719,5.3656741001366735,4.805046393415516,6.063931626934915,5.235647005430708,5.32208827885147,5.476752853734451,5.673053774101335,5.554644650471637,5.748353751254919,4.368400684218588,4.225271862071264,5.397581487165397,4.634451324361131,6.315961220842718,5.169232560479823,5.3963026350604535,5.432331108530186,5.257278444427813,5.787925553874199,5.912842135327558,4.677162219292028,4.0626690403697285,5.256843624401087,5.13845286334651,4.538199129251608,5.347011136363302,5.289760835350421,5.548284874803051,5.611082253182489,5.870859662929634,6.15064527889056,4.8776014492621895,4.619859054047116,5.175280872164977,4.867010878012318,5.738452724901503,0.3,3897.0,7.0541,0.12050545,1192961949.0,5.5957365,1.2487825,12743624.0,5.6002197,61018760.0,5.653337,62940791.0,5.6360517,3.9870164,18535.0,56224.0,,,15474.72,,,,,15.9466,55.8752,60.7,10.0,0.0,,1.0,,15.8354,1.33886,52.19,,,,72.65,,48.28,,12.9,11.8,15.5,16.0,2.5,14.74,37.11,26.8,23570000.0,5100.0,213.0,3619.0,213.0,426.0,82.0,80.0,,167038963.0,5.5955462,117112877.0,5.749193,97755348.0,5.7684827,147675759.0,5.652607,137724683.0,5.6763883,142407473.0,5.668521,131229175.0,5.7023067,99146878.0,5.7597556,81958644.0,5.7893167,136333950.0,5.6765356,120296008.0,5.712765,134335081.0,5.68355,125021523.0,5.7024245,5.6736016,117112877.0,5.6685247,97755348.0,5.6954603,97755348.0,5.6902676,147671865.0,5.6223063,147671865.0,5.619909,137720789.0,5.634203,137720789.0,5.6331353,142403579.0,5.631425,142403579.0,5.630087,131229175.0,5.6475506,131229175.0,5.645379,99146878.0,5.6748023,99146878.0,5.6681404,81958644.0,5.7108617,81958644.0,5.700695,136330427.0,5.6333065,136330427.0,5.631959,120296008.0,5.655428,120296008.0,5.6536994,134331558.0,5.6360073,134331558.0,5.634567,125021523.0,5.6474757,125021523.0,5.645807,,,,,300122815.0,0.31052256,24640197.0,0.21151385,300122815.0,0.35549676
2,uk,1975,5.045912156329399,6.105166481698313,6.394499860171497,4.6953695250691405,3.893959942270321,,4.9697970014620525,5.526324910115287,4.3506826878954366,4.740259910438966,4.891530622086485,5.071917251456028,5.711562685973997,6.189887043664442,4.355420287738685,3.9689821186902057,,4.9842857887290215,5.824441846323353,4.772600572835687,5.183815927924436,4.864088121340225,4.991566712102058,5.738746361084551,5.341119816244063,5.079426949218669,4.410230169789578,,4.675818779139654,5.603290738311016,4.6494941877823805,4.7650519939728815,4.826244062738892,4.874643461296177,5.618234999403319,5.547973594783884,4.5601543729831695,4.690320911516348,,4.722089312829769,5.2244044214833405,4.399104717307128,4.6337073246821125,4.675222478986349,0.25,3689.0,6.728405,0.12145274,1341335062.0,5.5999846,1.239419,14395676.0,5.5984526,68973336.0,5.659585,71161722.0,5.6424155,3.9842749,18517.0,56215.0,1.89,0.761936,15325.09,,,,,24.3027,55.6598,60.7,10.0,0.0,,1.0,,15.4385,1.37658,52.19,,,,72.64,,43.83,,12.2,11.7,15.4,16.0,3.9,17.48,40.1,36.0,29417000.0,5048.0,214.0,3712.0,220.0,434.0,100.0,100.0,,188569469.0,5.5983753,131910606.0,5.750919,109705044.0,5.7700286,166555292.0,5.6557236,155208712.0,5.6784735,160583707.0,5.6713195,147854328.0,5.7040977,111686874.0,5.7604723,91777452.0,5.7908525,153640656.0,5.678123,135238386.0,5.7145944,151415735.0,5.6849165,140644839.0,5.704576,5.672421,131910606.0,5.6611557,109705044.0,5.6946106,109705044.0,5.6821575,166550968.0,5.6224017,166550968.0,5.613498,155204388.0,5.6334896,155204388.0,5.626484,160579383.0,5.631467,160579383.0,5.623431,147854328.0,5.6459055,147854328.0,5.6379056,111686874.0,5.6752167,111686874.0,5.6603894,91777452.0,5.707349,91777452.0,5.6958156,153637013.0,5.6340375,153637013.0,5.6259284,135238386.0,5.6566443,135238386.0,5.6460667,151412092.0,5.636533,151412092.0,5.6288652,140644839.0,5.6486044,140644839.0,5.639339,,,,,338558479.0,0.31107295,27728570.0,0.22374234,338558479.0,0.35657373
3,uk,1976,5.5750993923602685,5.9595843239333925,6.299832095738026,5.561743945525645,6.242082064423823,4.160596399914117,6.398115376194965,4.9134296331439495,5.268840557461802,5.367213597294667,4.912573257908744,5.742863878619793,6.006578500509941,6.273682143480919,5.731587770190576,6.5043359833688,5.0963081302999536,6.446425611778281,5.10844546320258,5.412401652464789,5.187183839612898,4.900217586540178,5.300730239846323,5.008710051140151,6.594192899445872,5.494089743849703,5.475776772102712,4.585369695531936,5.851468028916964,5.152760175338753,4.118030436127296,5.526614468559719,5.025243595193726,5.415938588364856,5.29883425502268,6.3032846284645245,5.9656340305851945,5.7736262987103935,4.858974724994488,5.866341475730829,5.4638175135749085,4.552487201143637,5.106321021893279,4.612377023183089,-0.09,3809.0,6.939591,0.12061242,1350695617.0,5.5922265,1.2386527,14536553.0,5.5931373,69299399.0,5.648596,71483225.0,5.6317663,3.9838676,18935.0,56206.0,1.93,0.760838,15823.36,,,,,16.713,73.8977,60.7,10.0,0.0,,1.0,,14.9431,1.38935,52.19,,,,73.12,,45.19,,11.8,12.1,14.5,14.0,5.4,19.47,44.74,39.4,33778000.0,4943.0,211.0,3793.0,225.0,436.0,114.0,113.0,,188820623.0,5.590594,131647737.0,5.7457056,109500040.0,5.7650228,166463474.0,5.6485906,155027686.0,5.672742,160465762.0,5.664407,147637648.0,5.698409,111453813.0,5.75448,91476327.0,5.7850366,153715560.0,5.6712923,134890793.0,5.709239,151431358.0,5.6784315,140273254.0,5.6990566,5.670076,131647737.0,5.6544147,109500040.0,5.6945095,109500040.0,5.677076,166458450.0,5.617589,166458450.0,5.6082106,155022662.0,5.630246,155022662.0,5.621125,160460738.0,5.6277766,160460738.0,5.618107,147637648.0,5.643499,147637648.0,5.6325736,111453813.0,5.6692967,111453813.0,5.6533403,91476327.0,5.710876,91476327.0,5.6864843,153711408.0,5.6294127,153711408.0,5.6200204,134890793.0,5.6532373,134890793.0,5.6401434,151427206.0,5.631662,151427206.0,5.6221833,140273254.0,5.6457186,140273254.0,5.633618,,,,,339083926.0,0.310101,27499178.0,0.22422874,339083926.0,0.35597414
4,uk,1977,4.8329789238579295,4.166021396930327,5.926546527013973,4.800809546758893,3.778831086800384,5.3222740281007,5.817767415978046,3.2562222229693902,4.044130529875641,5.607327993461424,5.1205633864477385,5.015722796119242,4.5313322966453375,5.740789347089968,4.963874997919608,4.465155551410233,5.379233798520078,5.849428142785222,3.3896508419066524,4.196867038228038,5.721125707660256,5.556259236626199,4.819432050836927,4.084307466575726,5.420696491534931,5.1572206187079255,4.540876707791715,4.939662977976423,5.320567893469415,4.234402091948241,4.276851533008244,5.174231913958626,4.9252718862585185,4.858795740060596,4.534640959094373,5.441149088182598,4.444329173533814,4.854537862042588,4.942702609417697,5.517170020584022,4.5257148949527295,4.397977199944438,4.8365503579922215,5.009278365504363,0.15,3938.0,7.156529,0.12057556,1342132505.0,5.596577,1.2320956,14272386.0,5.5954175,68365112.0,5.656489,70555146.0,5.6400886,3.984864,19355.0,56179.0,1.89,0.747291,15943.89,,,,,15.8316,60.0393,60.7,10.0,0.0,,1.0,,14.4384,1.40667,52.19,,,,73.06,,46.11,,11.5,11.6,14.4,14.0,5.7,23.52,48.99,44.0,38773000.0,4800.0,207.0,4079.0,241.0,448.0,123.0,124.0,,189087947.0,5.5959888,131341106.0,5.7493114,108810681.0,5.76815,166385168.0,5.653957,154743979.0,5.677531,160294043.0,5.6698914,147223291.0,5.7032623,111044012.0,5.759116,90637894.0,5.7879596,153258435.0,5.6773376,134219318.0,5.7136726,150999591.0,5.684429,139709831.0,5.7038813,5.669986,131341106.0,5.6559668,108810681.0,5.693745,108810681.0,5.676759,166380642.0,5.6214733,166380642.0,5.6104803,154739453.0,5.6330533,154739453.0,5.62289,160289517.0,5.630746,160289517.0,5.62011,147223291.0,5.6461153,147223291.0,5.634428,111044012.0,5.671108,111044012.0,5.6560516,90637894.0,5.7070613,90637894.0,5.6878757,153254098.0,5.63313,153254098.0,5.623046,134219318.0,5.655192,134219318.0,5.642087,150995254.0,5.635466,150995254.0,5.6253324,139709831.0,5.64818,139709831.0,5.6355352,,,,,337738944.0,0.3099081,27262680.0,0.20819472,337738944.0,0.3562053
5,uk,1978,5.004013616450816,5.223136746673172,3.221850238310918,5.567680964380758,5.242771420002267,,4.687204870323517,5.878183429337707,5.7384439794788396,4.035445569970972,5.4414053295791955,5.037522458463203,5.587869963986769,3.570922704390515,5.666164963987478,4.646102970280428,,5.359882427490076,4.1120470346302085,5.896644948544616,5.056172625749569,5.441894487109158,5.2758838963315675,5.816368709316263,3.8884456429416834,5.181172037928825,5.584923042275316,,5.059282257561971,5.504428959198584,6.323107163464951,5.176448131946595,4.948779122349922,5.314439622024,6.168672844670383,4.079523814348007,4.9907004201403895,5.486460247566855,,5.119918388609466,4.700281606457851,6.59477939019099,4.9479281815403775,5.7416917046916875,-0.36,4015.0,7.268871,0.12085629,1347313757.0,5.5922003,1.2435527,14335225.0,5.598133,68892205.0,5.6509666,71082192.0,5.634374,3.9848015,20049.0,56167.0,1.84,0.727807,16509.79,,,,,6.57143,59.2752,60.7,10.0,0.0,,1.0,,14.0163,1.41028,52.19,,,,73.16,,47.16,,12.1,11.9,14.9,13.0,5.6,27.36,56.12,51.5,43088000.0,4738.0,206.0,4101.0,245.0,451.0,142.0,141.0,,190322242.0,5.591496,131932059.0,5.749517,109043581.0,5.770009,167208825.0,5.651804,155424643.0,5.6766334,161049067.0,5.6681814,147897028.0,5.7027426,111667072.0,5.7571,90904222.0,5.7906704,154305320.0,5.6746216,134709128.0,5.7137465,152025133.0,5.6817536,140271441.0,5.703476,5.669173,131932059.0,5.649112,109043581.0,5.6932664,109043581.0,5.6702247,167204729.0,5.6180115,167204729.0,5.603745,155420547.0,5.6308365,155420547.0,5.616656,161044971.0,5.62775,161044971.0,5.613615,147897028.0,5.644114,147897028.0,5.6282425,111667072.0,5.6668153,111667072.0,5.645012,90904222.0,5.7087946,90904222.0,5.6792374,154302700.0,5.6290016,154302700.0,5.61533,134709128.0,5.653229,134709128.0,5.635942,152022513.0,5.63168,152022513.0,5.6174216,140271441.0,5.6455784,140271441.0,5.628475,,,,,340842532.0,0.30932233,27736962.0,0.21180871,340842532.0,0.3557085
6,uk,1979,5.356719751837376,3.499010032413504,5.450365525587602,5.476345343313255,5.6685413082575,5.313531155223915,5.772685510423619,5.476564215963143,6.545824643452147,4.845552525170938,5.518777258568139,5.424489295200607,3.656094775360688,5.720414703677753,5.320753935821925,5.138467569089964,5.187297714910286,5.830792538213989,5.6813838587936365,6.4441287814169845,5.7895243231383535,5.4760347515825005,5.361290047202919,3.9390567912893397,5.394526755193584,5.419070372538577,5.527433897442463,4.947778094874462,6.312857359402282,5.622672151192586,5.762265044107562,5.275396475910844,5.411843530077497,5.423201886636828,3.7578499402132435,6.000046609107391,5.789176983825638,5.419939488068566,4.9928494424619325,6.4920070036240345,5.3011527236478,6.050643650546888,5.440167258682108,4.988185766190677,-0.04,4186.0,7.647055,0.12162295,1381846990.0,5.5920076,1.2393377,14971362.0,5.59216,71448691.0,5.652895,73739629.0,5.636578,3.9851298,20580.0,56228.0,1.91,0.709016,16947.09,,,,,14.7941,62.8496,56.1,10.0,0.0,,1.0,,13.7344,1.35847,55.49,,,,73.59,,44.01,,12.9,12.0,14.9,13.0,3.9,29.86,63.13,61.0,54331000.0,4569.0,202.0,4094.0,247.0,449.0,165.0,165.0,,196096630.0,5.590648,135146166.0,5.7487645,111114061.0,5.769213,171760208.0,5.651022,159289732.0,5.6757274,165435460.0,5.6668806,151435719.0,5.701802,114327983.0,5.755176,92157654.0,5.789164,158382871.0,5.673009,137343445.0,5.714296,155969406.0,5.680163,143071911.0,5.7035236,5.67758,135146166.0,5.6569157,111114061.0,5.701696,111114061.0,5.6791844,171756173.0,5.626185,171756173.0,5.611374,159285697.0,5.6389174,159285697.0,5.6236954,165431425.0,5.6355076,165431425.0,5.6204896,151435719.0,5.65163,151435719.0,5.635333,114327983.0,5.6768584,114327983.0,5.6543107,92157654.0,5.712989,92157654.0,5.688059,158377850.0,5.637015,158377850.0,5.622003,137343445.0,5.6623845,137343445.0,5.64391,155964385.0,5.639834,155964385.0,5.624364,143071911.0,5.654917,143071911.0,5.6369667,,,,,349678462.0,0.30845112,28429147.0,0.20942271,349678462.0,0.35559446
7,uk,1980,5.496944375676322,6.276017757103689,6.206366916601742,3.883271387723034,5.400143980561359,5.4901219160917485,4.790264780307469,6.408459149966819,6.199564253768795,4.19350074219017,5.210218098157902,5.712850464077433,6.314880330918897,6.145766537380087,4.455706108821478,5.4397262489287055,5.844709509120902,5.405911307786868,6.225519249287027,6.206318619831547,4.942177817607515,5.6351201258817145,5.477957090030474,6.472091427826131,6.166454393938558,4.558642708798745,5.734179505895084,4.826494067859616,4.954385822353982,5.80034653191493,5.42051825831735,4.767858518133198,5.7562102233826975,5.408506024977558,6.376559807332178,5.905186172977138,4.290410931667583,5.1141945513078335,4.763307588487669,4.536112352613318,6.035511715148419,6.142938264985642,4.725034184314969,5.568798990769959,-0.27,4318.0,7.817475,0.12139646,1428247768.0,5.5963297,1.2287976,15117259.0,5.596389,72988284.0,5.660547,75354853.0,5.643995,3.9849374,20211.0,56314.0,1.81,0.76039,16648.82,1.0,69.0,0.95,33.9989,16.849,68.1117,56.1,10.0,0.0,,1.0,11.44,13.4469,1.37071,55.49,,176.83,9.8,73.92,,46.101,56314.2,13.2,11.7,14.9,12.0,5.0,31.04,74.79,76.2,66200000.0,4371.0,195.0,4067.0,245.0,440.0,187.0,195.0,11278.0,202312386.0,5.5947013,139593324.0,5.750459,114701800.0,5.768948,177481635.0,5.652648,164634488.0,5.6774077,170914110.0,5.668538,156455567.0,5.7036114,118082274.0,5.757333,95212962.0,5.788502,163412901.0,5.6759768,142126068.0,5.7157264,160953517.0,5.683427,148079830.0,5.7053437,5.6764054,139593324.0,5.656984,114701800.0,5.703445,114701800.0,5.6799316,177477455.0,5.625952,177477455.0,5.6094494,164630308.0,5.6382465,164630308.0,5.6234293,170909930.0,5.6355,170909930.0,5.6193523,156455567.0,5.65163,156455567.0,5.6350837,118082274.0,5.6756797,118082274.0,5.654289,95212962.0,5.7142572,95212962.0,5.6895804,163408657.0,5.6388702,163408657.0,5.623114,142126068.0,5.6631484,142126068.0,5.645023,160949273.0,5.6412954,160949273.0,5.6255913,148079830.0,5.655651,148079830.0,5.6377764,,,,,361342207.0,0.30848512,29049162.0,0.20478284,361342207.0,0.35566473
8,uk,1981,5.685207580713549,5.862795776530361,5.654671126935336,5.199090123976856,7.290382174264593,5.0144217989917195,4.693414639420388,6.013949706474558,5.367046140118196,5.465379912009525,6.510752077117982,5.535783441985197,5.202587853734212,5.4974406587288085,5.2034534543639435,6.884485082566751,4.871364616112494,4.17962616539166,6.023752404316921,5.692416550757674,5.469005434699032,6.400480206466643,5.416928180037251,5.540560520215687,5.685652947765305,5.355649371510597,6.292868558760103,4.688002658663891,4.826254689444204,5.316855182914097,5.843767134194739,4.9759266988526125,6.08474551923592,5.086053209107155,4.730246767474728,5.486571092441835,5.360295260124461,5.117317274808169,3.954185237705632,5.026692590571887,4.87267585453086,5.656470159991434,4.773882189506693,6.194366683516316,,4414.0,7.91114,0.12209027,1404308365.0,5.5919414,1.230731,15043860.0,5.5961604,72304121.0,5.6569724,74678142.0,5.6400805,3.984156,19924.0,56383.0,1.88,0.785279,16585.6,,,,,12.189,71.3501,56.1,10.0,0.0,,1.0,,12.6695,1.3529,55.49,,,,74.04,,49.252,,12.8,11.6,14.2,11.0,8.0,36.53,95.55,84.8,76800000.0,4184.0,187.0,4023.0,242.0,429.0,206.0,217.0,,199708641.0,5.5913305,137562391.0,5.7471848,113181851.0,5.7669744,174879814.0,5.6502123,162140231.0,5.674125,168390081.0,5.6659236,154046297.0,5.7003145,116208442.0,5.755315,93766193.0,5.7889304,161018345.0,5.6729727,139763290.0,5.7128005,158636980.0,5.680077,145545267.0,5.7027464,5.676618,137562391.0,5.656393,113181851.0,5.701592,113181851.0,5.677452,174875932.0,5.625979,174875932.0,5.6117463,162136349.0,5.639358,162136349.0,5.623955,168386199.0,5.635704,168386199.0,5.6208496,154046297.0,5.6515656,154046297.0,5.635166,116208442.0,5.677123,116208442.0,5.6532936,93766193.0,5.715672,93766193.0,5.6881413,161015092.0,5.6393027,161015092.0,5.6242056,139763290.0,5.662228,139763290.0,5.643537,158633727.0,5.641981,158633727.0,5.6267805,145545267.0,5.654852,145545267.0,5.636918,,,,,355484828.0,0.3080248,28974630.0,0.19748956,355484828.0,0.35550833
9,uk,1982,5.4337395819718655,6.438108040033679,5.16339198974495,5.9638665256696894,5.20895357008662,5.784748053799182,4.704907474251894,4.2954964951699015,4.874130391678475,5.721491249912387,6.182302029371878,5.41449164750249,5.986755724559872,5.627750743989832,6.285027805921232,5.169322693298037,5.823092190535357,4.0501885763512275,5.186117572523152,4.955913241272142,5.954883174456108,5.105864752117942,5.468368618322048,5.8130448330694655,5.451747683898327,5.713005519043202,5.191680995166873,5.739302261579528,5.415767965087347,4.432636084759065,5.469642927718081,5.397425904978323,6.059432007920266,5.501107704191153,5.722571898938183,5.8472995140625486,5.361787473341179,5.53298450180776,6.017196332101205,4.744111285585778,4.59909384051372,5.70706948595033,5.8246381251766906,5.654324584434137,,4272.0,7.787232,0.12273294,1490309048.0,5.5892334,1.2298306,15947398.0,5.596895,77259583.0,5.6564126,79790372.0,5.6400747,3.9850295,20248.0,56340.0,1.81,0.750225,17034.02,,,,,8.511,75.376,56.1,10.0,1.0,,1.0,,11.9678,1.31999,55.49,,,,74.29,,47.558,,12.6,11.7,13.8,11.0,9.4,40.66,106.4,90.5,83300000.0,3923.0,180.0,3965.0,241.0,421.0,225.0,237.0,,212792957.0,5.588745,145514353.0,5.7485394,119656688.0,5.769564,185640141.0,5.6490455,171848859.0,5.6742144,178680286.0,5.6649814,163077474.0,5.7016087,123057661.0,5.7549872,99298197.0,5.790924,170874263.0,5.6717196,148010253.0,5.7137,168242061.0,5.6793556,154123071.0,5.7038293,5.6711082,145514353.0,5.652445,119656688.0,5.6961207,119656688.0,5.6719565,185635994.0,5.619988,185635994.0,5.606408,171844712.0,5.6331553,171844712.0,5.6194105,178676139.0,5.629586,178676139.0,5.616069,163077474.0,5.646151,163077474.0,5.631161,123057661.0,5.669639,123057661.0,5.647733,99298197.0,5.708549,99298197.0,5.680493,170865479.0,5.63151,170865479.0,5.618252,148010253.0,5.6573877,148010253.0,5.6384716,168233277.0,5.6338277,168233277.0,5.620541,154123071.0,5.64974,154123071.0,5.631867,,,,,377548113.0,0.3059125,30647620.0,0.18956728,377548113.0,0.35317022
10,uk,1983,5.700026528307568,6.3893004806573295,5.944032199990707,4.863212241068529,5.635835641278996,4.870443795644502,5.789913348082246,5.28768858497658,5.282656223462121,6.7771887871905925,6.159993980724076,5.975608745473391,6.286451510290643,6.0663435562933685,4.944708735767748,6.305241832526862,6.0927285395891975,5.85048571155484,5.845841890340714,5.166311545585214,6.837154630217662,6.360819502567657,5.5445328052550344,5.783159997010957,5.481449501520783,4.913088709214977,5.649028063773893,5.546727208332199,5.904014163022508,5.142084039084421,5.742302772443211,5.593606678566377,5.689866919581012,5.558132570396657,5.6888111366592415,5.590987782920276,4.86886076144411,5.605170322395698,6.1753519955168175,6.03492319326396,5.188251947493666,5.536443101607954,5.55110508265117,5.341420380013674,,4271.0,7.708611,0.12334251,1522603943.0,5.6016865,1.2254677,16369921.0,5.608388,78909715.0,5.667575,81483258.0,5.65126,3.9848058,20951.0,56383.0,1.88,0.739629,17842.07,,,,,5.198,,57.6,10.0,0.0,,1.0,,11.3498,1.31121,54.43,,,,74.68,,46.512,,12.7,11.7,13.9,10.0,10.4,42.46,120.0,97.5,88400000.0,3915.0,177.0,3865.0,239.0,416.0,246.0,261.0,,218247442.0,5.600239,149920034.0,5.7567697,123124805.0,5.7768183,190701302.0,5.6589975,176618088.0,5.683933,183557387.0,5.6750193,167767323.0,5.7100387,126494263.0,5.764789,102268709.0,5.7991824,175491365.0,5.682574,152088322.0,5.723772,172875787.0,5.6900234,158362342.0,5.7141204,5.674,149920034.0,5.6629243,123124805.0,5.6975985,123124805.0,5.6844597,190697033.0,5.6231675,190697033.0,5.615135,176613819.0,5.634931,176613819.0,5.6291704,183553118.0,5.632319,183553118.0,5.6253486,167767323.0,5.647802,167767323.0,5.641065,126494263.0,5.6747637,126494263.0,5.663779,102268709.0,5.7138186,102268709.0,5.695359,175485683.0,5.636946,175485683.0,5.6299167,152088322.0,5.660138,152088322.0,5.6510773,172870105.0,5.63916,172870105.0,5.632364,158362342.0,5.653335,158362342.0,5.6439166,,,,,385983836.0,0.3049126,31560342.0,0.2107318,385983836.0,0.35285333
11,uk,1984,5.536055742687851,5.95529247071987,5.725335114359429,6.2885908839284586,5.88364226627726,6.01370199106705,4.642241597395474,6.329103122118482,5.409611750624472,3.870185236642104,5.242852993745903,5.619891330181704,6.2153612318118,5.909286100002348,6.755996613049103,5.326963248769298,6.234271401156546,4.684193043412142,6.975364301366367,4.9834671334577,3.4852976607002897,5.62871256809145,5.423760687503442,5.254613637524676,5.315052910555003,5.919426771857928,6.259838305778485,4.9921001656975585,5.356261159267801,5.8045586980159545,4.922758892664584,4.328517704662715,6.08447862900972,5.397652827584184,5.478278140486297,5.106607446060492,6.126275502219047,5.0492525512559645,5.796606063379864,5.202595538664684,6.06712965662353,5.016972374407909,3.751494440866903,6.381316561877153,,4313.0,7.730339,0.122541055,1577195596.0,5.5975313,1.2276492,16859236.0,5.6058826,81414893.0,5.6649623,84116099.0,5.648495,3.9839845,21444.0,56462.0,1.84,0.722313,18446.42,,,,,4.448,,57.6,10.0,0.0,,1.0,,11.4459,1.29627,54.43,,,,74.53,,47.027,,12.8,11.4,14.0,10.0,10.6,48.05,134.9,106.0,98200000.0,3799.0,176.0,3740.0,232.0,408.0,266.0,273.0,,225152549.0,5.596291,154497821.0,5.753628,127081720.0,5.7739344,196581685.0,5.6556053,182078939.0,5.6808925,189218890.0,5.671604,172902098.0,5.7069607,130159259.0,5.761508,105598824.0,5.796453,180775740.0,5.679272,156780362.0,5.7195177,178094617.0,5.686676,163215815.0,5.709907,5.683194,154497821.0,5.655147,127081720.0,5.71094,127081720.0,5.6755424,196577218.0,5.6284094,196577218.0,5.609184,182074472.0,5.6429715,182074472.0,5.6218824,189214423.0,5.6381817,189214423.0,5.618366,172902098.0,5.6564636,172902098.0,5.633558,130159259.0,5.686853,130159259.0,5.6564503,105598824.0,5.724585,105598824.0,5.6832027,180770372.0,5.643337,180770372.0,5.623116,156780362.0,5.670417,156780362.0,5.642544,178089249.0,5.6459365,178089249.0,5.625493,163215815.0,5.662748,163215815.0,5.6356964,,,,,399141919.0,0.305306,32669924.0,0.20491113,399141919.0,0.35305363
12,uk,1985,5.300511827874398,5.148516209453367,5.416673866980089,4.299581035660549,5.432614136288429,4.7693598732213465,6.719531070758686,5.350461652801863,3.636279583161583,6.845274114405233,5.386826736012825,5.620403107118859,5.301256832758863,5.913555116318835,4.654675539717117,5.458050877361228,5.115437907279942,6.7584126107133855,5.999815901653522,3.667744751482005,7.000466336544815,6.33461519735889,5.294136278461246,4.904674355974533,4.97266770153022,5.147791285608673,5.383690754396409,5.714321482284461,6.201637033911402,5.725762059339372,3.7795494029163264,5.914597152346642,5.196671556304427,5.282422951394714,4.7608007245147625,4.8263774779074735,4.850343246900373,5.095971143236835,5.891145828700839,6.5278578666235925,5.759606902660552,3.7805936598601297,6.137157591627316,5.194375071915267,,4416.0,7.934777,0.1226651,1678981301.0,5.5943146,1.2298291,17983242.0,5.6057954,86699955.0,5.6642947,89521162.0,5.647982,3.9852698,22139.0,56620.0,1.87,0.743409,19224.39,,,,,5.16,,57.6,10.0,0.0,,1.0,,10.9287,1.27044,54.43,,,,74.8,,46.02,,13.1,11.8,13.9,9.0,10.8,56.67,150.5,110.0,106000000.0,3805.0,172.0,3606.0,226.0,398.0,288.0,297.0,,240658939.0,5.594108,164481850.0,5.7518077,134681163.0,5.772163,209604682.0,5.6536946,193929422.0,5.6788325,201730616.0,5.669732,184116826.0,5.705253,138721079.0,5.759015,111685809.0,5.794372,192957649.0,5.676918,166528090.0,5.718447,190037565.0,5.6841283,173531572.0,5.7087045,5.673838,164481850.0,5.652477,134681163.0,5.701289,134681163.0,5.676019,209600179.0,5.6211224,209600179.0,5.6057343,193924919.0,5.634504,193924919.0,5.619038,201726113.0,5.6305494,201726113.0,5.61532,184116826.0,5.647354,184116826.0,5.6307898,138721079.0,5.6740937,138721079.0,5.6513124,111685809.0,5.711798,111685809.0,5.686216,192953875.0,5.6336904,192953875.0,5.619028,166528090.0,5.6612587,166528090.0,5.640738,190033791.0,5.6366386,190033791.0,5.6214433,173531572.0,5.6531754,173531572.0,5.634068,,,,,424884742.0,0.30377737,34620628.0,0.19154435,424884742.0,0.35212135
13,uk,1986,5.736919252792764,6.719632288187702,5.764224107240413,5.6411047805654455,6.288569098369208,4.304664671677424,5.372424870302565,6.469632264220159,6.154938192118669,6.111596034327945,4.542406220918108,5.770015191033849,6.318052915679232,5.485325407494731,6.3962163286864175,6.28872489804737,4.1938957550433145,5.375775774424073,6.422694900044126,6.454284026553799,5.929981446185616,4.8352004581798065,5.3868380776443185,5.50695740858558,5.287260525488855,5.2508745548433735,5.834445734435787,4.7386157699471525,5.913716902783247,5.220087614790058,5.518280655236511,5.6493322970404565,4.948809313292167,5.36402253883596,5.616144611342217,5.115438519096318,5.370799514323473,5.943722352112911,4.824888910959944,5.087774526643443,4.96340673665767,5.7982886781874265,5.546975172892269,5.3727863661439335,,4123.0,7.471793,0.12372705,1788592573.0,5.5962543,1.2365466,19300618.0,5.606425,92940765.0,5.667882,95961768.0,5.6518683,3.985374,23041.0,56796.0,1.88,0.734806,20214.73,,,,,3.626,96.5259,57.6,10.0,0.0,,1.0,,10.5013,1.25817,54.43,,,,75.15,,46.071,,13.2,11.6,13.9,10.0,10.9,69.27,183.8,116.0,111000000.0,3835.0,174.0,3448.0,220.0,394.0,307.0,313.0,,256742267.0,5.5946784,175940957.0,5.7522664,144569585.0,5.7733207,223861553.0,5.6546626,207281793.0,5.6801662,215483343.0,5.670389,196856094.0,5.706292,148169207.0,5.7605095,119847448.0,5.797275,205935991.0,5.677906,178229245.0,5.719201,202897875.0,5.6852965,185601475.0,5.709294,5.680631,175940957.0,5.659163,144569585.0,5.709387,144569585.0,5.680538,223856662.0,5.6290746,223856662.0,5.6131225,207276902.0,5.6438174,207276902.0,5.6273828,215478452.0,5.6384377,215478452.0,5.6230893,196856094.0,5.656678,196856094.0,5.6389837,148169207.0,5.684304,148169207.0,5.65884,119847448.0,5.722589,119847448.0,5.688708,205930511.0,5.6438394,205930511.0,5.626835,178229245.0,5.6694036,178229245.0,5.64737,202892395.0,5.646243,202892395.0,5.6290603,185601475.0,5.661922,185601475.0,5.6409774,,,,,454188997.0,0.30465063,37744730.0,0.1966855,454188997.0,0.35294348
14,uk,1987,5.452441639904004,5.724773624919129,3.6295444530372434,6.117802919943963,6.6313692880395925,4.81709483322783,6.8623003257572535,5.680171761197473,4.2637443256140415,6.000980426307835,4.796634440995684,5.524789270787613,5.6043151190585005,3.8586840785280057,6.195229311654793,6.736470301417966,5.151869149556427,6.786996765992508,5.869875263102107,4.197231943151238,6.270132664301737,4.5770881111128405,5.316605327307636,5.158724340432757,4.070206208374642,5.432371022267247,5.706376860248263,5.434604516936368,6.014314334752343,4.740882171863394,5.340557279885639,5.8550549302511286,5.4129616080645775,5.293668450196447,5.3244797328742495,4.4025208732949,5.324565645214962,6.379178925621184,5.149336520279662,5.841248407750879,5.0735105777545,5.449751459452352,5.376681595658575,4.6154107640632,,3980.0,7.161623,0.12391949,1716938602.0,5.593992,1.2260324,18505642.0,5.6087656,89373062.0,5.668178,92302819.0,5.652076,3.9861586,24059.0,56982.0,1.86,0.727163,21367.08,,,,,4.066,,57.7,10.0,0.0,,1.0,,10.0978,1.26822,57.07,,,,75.26,,44.277,,13.6,11.3,14.0,9.0,9.8,154.1,377.7,121.0,121000000.0,3880.0,177.0,3269.0,221.0,398.0,334.0,329.0,,247543942.0,5.5937133,168792232.0,5.7511826,138225942.0,5.7719817,215587811.0,5.6521583,199241344.0,5.677928,207438743.0,5.6683483,188996892.0,5.704598,141886473.0,5.759138,114309219.0,5.796484,197785547.0,5.6765504,170648396.0,5.718073,194808950.0,5.6841908,177810674.0,5.708787,5.673189,168792232.0,5.6536,138225942.0,5.699433,138225942.0,5.676022,215583010.0,5.6187825,215583010.0,5.6084714,199236543.0,5.6341662,199236543.0,5.6211395,207433942.0,5.6288323,207433942.0,5.6176567,188996892.0,5.647005,188996892.0,5.6328325,141886473.0,5.674786,141886473.0,5.655796,114309219.0,5.7143335,114309219.0,5.685293,197780421.0,5.6354027,197780421.0,5.6236115,170648396.0,5.661038,170648396.0,5.64256,194803824.0,5.637024,194803824.0,5.6256638,177810674.0,5.6528707,177810674.0,5.6366014,,,,,436511577.0,0.30461594,35879153.0,0.18903074,436511577.0,0.35320696
15,uk,1988,5.4278574975186,5.679228732703956,6.05177312212346,5.473278429824076,6.557932453937974,6.802179832173003,3.7295236590431,5.099098291986055,5.657897344600315,3.93831412420104,5.289348984593016,5.4462085325212595,5.6386054059675725,5.988286919448023,5.376617234782794,6.5118563120711865,6.932065784295492,4.367821034196873,4.730054228429887,5.524641840131143,4.509013543596787,4.883123022292837,5.518012520111641,5.9786449563823565,6.474644839143605,5.704641356181398,6.405240040402423,5.806960388076668,3.998819003717968,5.577313373960879,5.176000089111793,4.821253352581172,5.2366078015581365,5.470036414821534,6.076959005988817,6.171723004945892,5.808669127764177,5.871100792961773,6.26451183437408,4.136288690434831,5.495907030474646,5.163863858644113,4.762820935474459,4.948519867152559,,4216.0,7.735447,0.124249876,1789271098.0,5.601876,1.2187129,19214900.0,5.612014,93093182.0,5.678077,96161971.0,5.662108,3.986751,25179.0,57160.0,1.8,0.688389,22564.4,,,,,4.612,,57.7,10.0,0.0,,1.0,,9.78169,1.21804,57.07,,,,75.4,,41.872,,13.8,11.3,13.9,9.0,7.8,170.7,394.0,127.0,132000000.0,3935.0,179.0,3137.0,205.0,384.0,360.0,347.0,,257892709.0,5.6002884,176206226.0,5.754886,144299016.0,5.7744865,224842709.0,5.6572795,207921737.0,5.6822166,216342050.0,5.673445,197255156.0,5.708401,147411026.0,5.7667875,119115370.0,5.7997565,205778084.0,5.6833916,177710673.0,5.7225723,202731204.0,5.6908727,185168232.0,5.7133865,5.6782146,176206226.0,5.6640644,144299016.0,5.7037377,144299016.0,5.6836314,224837511.0,5.625698,224837511.0,5.6173763,207916539.0,5.639732,207916539.0,5.630579,216336852.0,5.6356525,216336852.0,5.626942,197255156.0,5.6529164,197255156.0,5.642351,147411026.0,5.6835933,147411026.0,5.6679015,119115370.0,5.7165556,119115370.0,5.694673,205772851.0,5.6437206,205772851.0,5.6349535,177710673.0,5.6674848,177710673.0,5.652772,202725971.0,5.64614,202725971.0,5.6370845,185168232.0,5.6602855,185168232.0,5.6465383,,,,,455746048.0,0.3057381,37553146.0,0.19312344,455746048.0,0.3552212
16,uk,1989,5.781833016189746,6.3940611797725415,6.307626759825874,5.389585417609657,4.5248045097091625,5.749862498805284,5.585920508526598,5.7321691407558575,4.764565806163796,6.385041703806298,6.381483949305844,5.689293958518456,6.017281959489116,6.114229061704072,4.488148193357028,5.510971376085799,5.964930826641599,5.712310707531287,5.7372457784189255,5.004998032894191,5.984553554753207,6.06301049807459,5.713313500733462,6.058147277380037,6.74728132193798,5.6322382036335625,5.109697874813719,5.379833584316637,5.245371235281465,5.959324388765622,4.734709997140799,5.828988353004446,6.3218679187893745,5.627363169502051,6.384491008086967,6.629743744624442,4.748160615357975,5.1512105157612975,5.135571418882153,5.536507157140987,5.457606685327969,4.377705827371441,6.183327099957525,6.11334369205429,,3716.0,6.798954,0.12366199,1964915164.0,5.599219,1.2268584,20982186.0,5.609345,102112264.0,5.6743956,105457917.0,5.6584945,3.9882581,25654.0,57324.0,1.8,0.715367,23079.16,,,,,5.197,,57.7,10.0,0.0,,1.0,,9.93757,1.15436,57.07,,,,75.74,,37.023,,13.6,11.4,13.7,8.0,6.3,195.3,473.3,134.0,141000000.0,4009.0,183.0,3048.0,203.0,386.0,394.0,366.0,,282113816.0,5.5984674,191944472.0,5.7561727,156935827.0,5.7764125,245353667.0,5.656835,226790737.0,5.6815863,236063319.0,5.6727657,215071399.0,5.708254,160954600.0,5.765575,129710975.0,5.8014765,224818348.0,5.6821966,193852536.0,5.722833,221435555.0,5.6900196,202050945.0,5.713106,5.6717253,191944472.0,5.649925,156935827.0,5.694978,156935827.0,5.6682634,245348442.0,5.618764,245348442.0,5.6053486,226785512.0,5.63336,226785512.0,5.6181655,236058094.0,5.6290298,236058094.0,5.6147633,215071399.0,5.6464696,215071399.0,5.6288924,160954600.0,5.6746798,160954600.0,5.651262,129710975.0,5.7101555,129710975.0,5.679087,224811335.0,5.633951,224811335.0,5.6202364,193852536.0,5.6595263,193852536.0,5.6379914,221428542.0,5.636176,221428542.0,5.622512,202050945.0,5.6517463,202050945.0,5.631869,,,,,498702815.0,0.3047946,41129160.0,0.18748108,498702815.0,0.35439712
17,uk,1990,5.664747628747653,5.711863328075125,4.834086602909081,6.669582032434382,6.219563875529909,4.299218804874451,6.797152670469187,5.684181177263133,4.527702087328748,5.448612937441458,6.4555127711510565,5.773734254876432,6.017004406279543,4.8484810393089255,6.631881933713888,6.593504019861674,4.660030955893964,6.563028498864808,4.919287055354076,5.198024924979248,5.426085906300527,6.880013808207655,5.4634741446211175,5.726816107069785,4.755596161137307,6.365694606393329,5.741847677294532,5.030271414175512,5.9583047425226185,4.5688546256932785,4.8635697202701005,4.979669623282083,6.644116768372625,5.459081859601759,5.6630191004155614,4.9976903500404575,6.434858479231617,5.782589398974831,5.0424452691689865,6.375874567518943,4.549259895167427,4.966908219905159,5.026433505073745,5.751739810520866,,3948.0,7.277498,0.124562494,2027088109.0,5.6024895,1.2072885,21994337.0,5.6118803,106075362.0,5.6779256,109532645.0,5.6628118,3.986488,25679.0,57493.0,1.86,0.717124,23154.23,,73.0,0.95,38.6248,7.036,122.926,57.7,10.0,1.0,,1.0,12.24,9.67016,1.05265,57.07,,,,75.91,,32.58,57237.5,13.9,11.1,13.1,8.0,5.9,214.9,523.1,158.0,144000000.0,4059.0,185.0,3147.0,206.0,391.0,427.0,407.0,10323.0,292732833.0,5.601437,198596886.0,5.757694,161930770.0,5.7780414,254195545.0,5.6595526,234671974.0,5.6843395,244564594.0,5.6752534,222453106.0,5.7110343,166148912.0,5.7679954,133420695.0,5.8030705,232637235.0,5.6843557,199911404.0,5.7261634,229105861.0,5.692249,208409023.0,5.7171035,5.6717753,198596886.0,5.65672,161930770.0,5.695993,161930770.0,5.676319,254190301.0,5.62045,254190301.0,5.610995,234666730.0,5.6333137,234666730.0,5.6236596,244559350.0,5.6301312,244559350.0,5.6204443,222453106.0,5.646089,222453106.0,5.6350856,166148912.0,5.6727414,166148912.0,5.6577697,133420695.0,5.7105966,133420695.0,5.6842756,232631009.0,5.6364613,232631009.0,5.626311,199911404.0,5.660476,199911404.0,5.6454396,229099635.0,5.638584,229099635.0,5.628442,208409023.0,5.6522245,208409023.0,5.638262,,,,,516752218.0,0.30533227,42176557.0,0.20429024,516752218.0,0.35593945
18,uk,1991,5.824726002717739,4.968837763364548,6.887898634585463,5.737902433191953,5.471562975794258,6.1698060678798665,5.847568942967798,5.661769223956121,5.6618454301485865,5.819958907440553,6.020109647848244,5.730148411444919,4.68801110425789,6.789025361846804,6.071340976952079,5.620981073040022,6.567746615374372,5.790455103866326,6.055161121150367,5.042157102742976,4.978621909246458,5.6979837459718965,5.572240821599151,4.726516801939122,6.4886171215168345,5.861563992794914,5.040347933647631,5.136070294246979,5.188671513623758,5.698421095834501,5.828723547651293,5.651320415102083,6.102155499634397,5.510159796509239,4.789596681839536,6.009089008318279,5.581731880047907,4.4020935813598845,5.902124397362372,5.544985073828434,5.778179719000143,6.104086883847827,5.311390644128071,5.678320095359937,,3890.0,7.15409,0.1242577,1871628091.0,5.6092224,1.2269943,20018463.0,5.618043,97200235.0,5.683792,100387039.0,5.668271,3.9890056,25314.0,57666.0,1.85,0.724642,22722.1,,,,,7.413,110.318,57.7,10.0,1.0,,1.0,,9.74921,1.00157,57.07,,,,76.3,,31.296,,13.7,11.1,12.0,8.0,8.1,229.2,531.8,178.0,143000000.0,4090.0,186.0,3094.0,200.0,386.0,454.0,434.0,,269006894.0,5.608111,183640929.0,5.764661,150570931.0,5.78464,234232182.0,5.6667776,216548143.0,5.69107,225424891.0,5.682711,205465362.0,5.7175384,153325351.0,5.775775,124480649.0,5.8087916,213977450.0,5.6928334,185089851.0,5.732224,210798912.0,5.7004447,192834311.0,5.7228737,5.6762357,183640929.0,5.655935,150570931.0,5.6991735,150570931.0,5.6757445,234227028.0,5.6252255,234227028.0,5.6121383,216542989.0,5.638895,216542989.0,5.6245437,225419737.0,5.635152,225419737.0,5.6211467,205465362.0,5.651376,205465362.0,5.635492,153325351.0,5.67983,153325351.0,5.658959,124480649.0,5.7122955,124480649.0,5.6865935,213971329.0,5.642373,213971329.0,5.6274953,185089851.0,5.665946,185089851.0,5.6454225,210792791.0,5.6452327,210792791.0,5.629841,192834311.0,5.65853,192834311.0,5.639162,,,,,475943510.0,0.305876,39423453.0,0.20634732,475943510.0,0.35601035
19,uk,1992,5.4644006078593375,6.222500950485934,6.243230163247177,4.6389331115490915,4.930918709750912,6.446764194931501,5.405385915261418,5.675632889252287,4.825606950446328,5.380826102405771,4.874207091262958,5.700996113350053,5.724685626776379,6.2644657489128,5.1826306715005215,6.060398126178107,6.337364837855465,5.552729600602641,5.636120422517718,5.1737238097490446,6.043762206709384,5.0340800826984635,5.430293321988429,6.095398366271063,5.74650374945625,4.7703986985515305,5.058854112825926,6.411989579147044,5.160918475612351,5.569581325132981,4.902411070772639,5.54889960464859,5.0379782374659134,5.532312543721627,6.14284629769504,5.987761727590178,4.764443128432616,4.913557654655214,6.589603960515494,5.380093572810386,5.382377898011876,5.208310434437684,5.673276860592452,5.280853902475332,,3951.0,7.251611,0.123957515,2109830155.0,5.6107802,1.2208073,22599512.0,5.6144357,109202799.0,5.682583,112806361.0,5.6670995,3.98753,25336.0,57866.0,1.89,0.746226,22734.62,,,,,4.297,111.159,58.1,10.0,0.0,,1.0,,9.47674,0.953357,57.95,,,,76.17,,32.795,,13.4,10.8,12.2,8.0,9.9,238.7,565.3,212.0,148000000.0,4160.0,187.0,3157.0,200.0,387.0,469.0,460.0,,303943730.0,5.6104355,206597748.0,5.765809,168539084.0,5.784808,264347528.0,5.667108,244014267.0,5.6917014,254306183.0,5.6829963,231398853.0,5.7179403,172433840.0,5.7769527,138896085.0,5.810444,241207703.0,5.69457,207929905.0,5.7332973,237561135.0,5.702571,216790981.0,5.7244315,5.6772866,206597748.0,5.6543756,168539084.0,5.6993394,168539084.0,5.6733193,264341728.0,5.6258388,264341728.0,5.6099744,244008467.0,5.639998,244008467.0,5.6231656,254300383.0,5.6354523,254300383.0,5.6195245,231398853.0,5.6522565,231398853.0,5.6334796,172433840.0,5.678173,172433840.0,5.6557207,138896085.0,5.7095237,138896085.0,5.680883,241200200.0,5.6433396,241200200.0,5.626401,207929905.0,5.6664805,207929905.0,5.642812,237553632.0,5.6458726,237553632.0,5.628951,216790981.0,5.6583776,216790981.0,5.6368732,,,,,537239529.0,0.30587414,44118109.0,0.20607996,537239529.0,0.35680687
20,uk,1993,5.896947101344464,5.888247477947623,5.923189323301001,6.186068471956418,6.258630095229303,6.720048790838997,4.664256697799473,5.5802778088435305,6.317565140569353,5.4926878870428215,5.93849931991612,5.828336254990854,5.782278757641988,5.73684560238752,6.475657564611398,5.800424824381947,6.3023441377223275,5.231373940026325,5.290452637920036,5.994505092606432,5.3605413768519945,6.308938615758578,5.59688396784113,5.109254556673059,5.924675322189626,5.478446135022167,6.0552334788219975,5.497241954234116,4.700939298290732,5.964454467263737,5.598370401786188,5.734012135353094,5.906211928776585,5.811229622819156,5.764233513755277,5.977630824329836,5.515189332175256,5.899914727447916,5.609255313208793,5.513604498159238,5.8426710230701575,5.900515358491534,6.090182440752219,5.999099196801332,,3712.0,6.969402,0.12494602,2054578764.0,5.609955,1.2205406,22093633.0,5.6135564,107143836.0,5.6842895,110684274.0,5.6693377,3.9902985,25909.0,58027.0,1.88,0.728163,23187.14,,,,,2.497,95.7247,58.1,10.0,0.0,,1.0,,9.22928,0.955924,57.95,,,,76.72,,37.946,,12.1,11.2,11.6,9.0,10.4,252.1,601.7,222.0,166000000.0,4231.0,188.0,3128.0,196.0,384.0,,480.0,,297273765.0,5.610073,201923612.0,5.765621,164810979.0,5.7851562,258453726.0,5.66669,238610529.0,5.691137,248680029.0,5.6824484,226259264.0,5.7173786,168446979.0,5.77631,135802757.0,5.8091,235604504.0,5.6942973,203062903.0,5.733258,232031462.0,5.7024484,211732365.0,5.7244334,5.679353,201923612.0,5.657927,164810979.0,5.701711,164810979.0,5.678077,258448429.0,5.6269584,258448429.0,5.613077,238605232.0,5.6414886,238605232.0,5.626479,248674732.0,5.636794,248674732.0,5.6226335,226259264.0,5.654428,226259264.0,5.637494,168446979.0,5.683126,168446979.0,5.6619515,135802757.0,5.7151194,135802757.0,5.6868544,235597730.0,5.645653,235597730.0,5.6304984,203062903.0,5.667288,203062903.0,5.6482973,232024688.0,5.648762,232024688.0,5.6330166,211732365.0,5.658957,211732365.0,5.641977,,,,,524781509.0,0.3053908,43094025.0,0.20422761,524781509.0,0.35678136
21,uk,1994,5.453960463103277,4.6671713972461335,5.500038461898676,5.876350391307331,6.558872104591591,5.330454185462789,4.012714006737912,5.3213835789857535,5.738740757540067,5.764136342414616,5.769743404847891,5.698581809851154,5.319125241563823,5.656561621328278,6.079444713282938,6.541002414930757,5.654085014614061,4.8192624259519325,5.714771471785535,5.969898403612742,5.3362252657981415,5.895441525643338,5.409728242266361,4.589769165997164,4.755292799043065,5.585381644132093,6.543065497842293,5.1147456995035885,4.737061314156674,5.833659366365257,6.742148659030964,4.852225701790749,5.3439325748017685,5.477828832395514,4.3984030136595775,4.696676373633192,5.211056955329738,6.111407744153035,5.892532082701114,5.117733537743994,6.013809712765871,6.5443666317812825,4.9915903294573685,5.800711942729963,,3612.0,6.824561,0.1240781,2292973525.0,5.6136045,1.2146025,24280665.0,5.6151977,118462145.0,5.686767,122363556.0,5.6718154,3.991065,26847.0,58213.0,1.85,0.725788,24082.04,,,,,2.071,91.6519,58.1,10.0,0.0,,0.0,,8.9079,0.938057,57.95,,,,76.62,,43.03,,12.8,11.4,11.9,9.0,9.6,,643.0,284.0,,4248.0,189.0,3121.0,195.0,384.0,,,,330586173.0,5.6132584,224172004.0,5.7673984,182952228.0,5.785201,287110443.0,5.6697583,264880815.0,5.693064,276137039.0,5.685381,251114354.0,5.7192645,186803520.0,5.777777,150870887.0,5.8082476,261625692.0,5.697346,225404516.0,5.7340374,257689094.0,5.7050524,235055566.0,5.7260766,5.686829,224172004.0,5.6637487,182952228.0,5.7087584,182952228.0,5.681725,287104304.0,5.633148,287104304.0,5.6192226,264874676.0,5.6469674,264874676.0,5.63229,276130900.0,5.643233,276130900.0,5.628856,251114354.0,5.6598773,251114354.0,5.643055,186803520.0,5.68921,186803520.0,5.666481,150870887.0,5.7214236,150870887.0,5.688928,261619359.0,5.651054,261619359.0,5.635571,225404516.0,5.675175,225404516.0,5.652989,257682761.0,5.653641,257682761.0,5.637965,235055566.0,5.666735,235055566.0,5.6469703,,,,,583416137.0,0.3052902,47819344.0,0.21145834,583416137.0,0.3570451
22,uk,1995,5.5142602062586885,5.272350794279111,5.673570265664737,4.9360233260423785,5.1360281858274055,5.573215792502387,6.0950019540433935,4.008461178204382,6.193026006696143,5.812633050650443,6.442291508676503,5.67409957914606,5.443247042646235,5.9853401058413125,5.2615063960922095,4.821347755494122,5.589494983245459,5.9359190682639325,5.109734761159273,6.0553112092274475,5.852059567428678,6.68703490206193,5.521360383369415,5.221385910062592,5.355196974427968,5.045096279523071,5.53700531929707,5.379252507610869,5.865999576226344,4.7336703744852215,6.074023511924818,5.831249050445058,6.170724329691138,5.507452730344509,5.234586551340924,5.099048356339155,5.285302011149417,5.193586788629032,5.502282623619033,5.947969155606514,5.070261921222131,5.733595952388121,6.0764326358642125,5.931461307286552,,3565.0,6.710214,0.124650314,2370578181.0,5.6128397,1.2135174,25348513.0,5.6181364,123398947.0,5.685935,127474128.0,5.6709404,3.9913905,27447.0,58426.0,1.89,0.740142,24686.31,,,,,2.625,132.976,58.1,10.0,0.0,,0.0,,8.59543,0.935185,57.95,,,,76.88,,46.305,,12.5,10.9,12.4,8.0,8.6,,728.3,295.0,,4278.0,191.0,3118.0,193.0,384.0,,100.0,,342793686.0,5.6135707,232295023.0,5.767028,189908711.0,5.783859,297731012.0,5.668513,274652955.0,5.692362,286344310.0,5.6843586,260326983.0,5.718596,193307674.0,5.778623,156424792.0,5.8086405,270816096.0,5.697266,233769153.0,5.733067,266718791.0,5.7054915,243737362.0,5.7256274,5.687774,232295023.0,5.6508946,189908711.0,5.7145452,189908711.0,5.6689053,297724562.0,5.635232,297724562.0,5.6082544,274646505.0,5.6505437,274646505.0,5.621045,286337860.0,5.645432,286337860.0,5.6179852,260326983.0,5.663801,260326983.0,5.6317167,193307674.0,5.692511,193307674.0,5.651548,156424792.0,5.7256618,156424792.0,5.673663,270806867.0,5.65469,270806867.0,5.624611,233769153.0,5.679138,233769153.0,5.6399703,266709562.0,5.6574345,266709562.0,5.627105,243737362.0,5.6710615,243737362.0,5.6347194,,,,,604685641.0,0.305844,49621037.0,0.21242382,604685641.0,0.35794947
23,uk,1996,5.9979681622145815,6.322425135939713,6.415719419689102,6.605280487454474,6.185841958204716,4.102482463754601,5.826345302284072,6.322393209641563,5.8378679634033475,6.1947999431184435,6.166525738655777,5.966435679145337,6.468391684967952,6.493965341476084,6.631046554468344,6.020779451313199,4.513441657359212,5.4948934858763865,6.531729939292541,6.355483755784547,4.604342880406087,6.550282040509018,5.738910043087442,5.97564287493794,6.201902617297593,6.262917496299503,6.627385667116977,4.899614146968924,6.024706070557046,5.9220970920247975,5.743426687060747,4.735173552997463,4.996234225613434,5.666570336439588,6.1175238323806,6.176937692937187,6.1673575283154,6.334400729869738,4.677483854641894,5.710828952594326,6.243380394744668,5.80146623910518,4.467848710932963,4.968475428873921,,3442.0,6.430166,0.12430734,2728823668.0,5.619731,1.2174735,28725282.0,5.627676,140615473.0,5.6968174,145285175.0,5.6822853,3.9933329,28075.0,58619.0,,,25375.79,,,,,2.442,129.121,58.1,10.0,0.0,,0.0,,8.33085,0.943389,57.95,,,,77.14,,48.223,,12.5,10.9,12.7,8.0,8.2,,806.5,307.0,,4301.0,193.0,3113.0,192.0,385.0,,99.167,,394155925.0,5.6202025,267906902.0,5.7715774,219134354.0,5.7878904,342897251.0,5.6737533,316631662.0,5.696181,329854852.0,5.6894717,300221750.0,5.7222114,221943044.0,5.7858944,180232165.0,5.811555,311108597.0,5.7038093,269289032.0,5.7380667,306504558.0,5.7117815,280717453.0,5.7308307,5.687326,267906902.0,5.6588655,219134354.0,5.7089987,219134354.0,5.6751227,342889593.0,5.635533,342889593.0,5.615234,316624004.0,5.6487,316624004.0,5.627733,329847194.0,5.6452823,329847194.0,5.625125,300221750.0,5.6610403,300221750.0,5.6385174,221943044.0,5.6910577,221943044.0,5.6610155,180232165.0,5.7181377,180232165.0,5.6819043,311098818.0,5.6557574,311098818.0,5.6349864,269289032.0,5.675409,269289032.0,5.647778,306494779.0,5.6588097,306494779.0,5.63755,280717453.0,5.667104,280717453.0,5.6422725,,,,,696790874.0,0.30838165,57623600.0,0.22061723,696790874.0,0.36054918
24,uk,1997,5.8085097286079215,5.743803947933303,6.279169395576205,6.305078298814938,5.2865473875400095,5.9406072571892965,4.731284906490458,6.527866728889572,6.695120671002063,4.877167026976017,5.698451665667348,5.772399086210946,5.653947628506991,6.174418394432262,5.628561349256797,5.082334085344987,6.039241601668468,5.366140545421468,6.567041857068304,6.482468860331876,4.900715965444446,5.829120574633857,5.549243887587556,5.771712505455499,6.289094735807868,5.550029765832766,5.554538761651032,5.341421009008445,4.571612424741993,5.8284110561072495,6.049128187167338,4.865453348916693,5.671037081186683,5.553564651904855,5.481715984679932,6.235918236089996,5.382634649942241,5.121791030089028,5.1653669453239015,5.271960163647174,5.576283950649612,6.129637524358579,4.974256863311744,6.196081170956348,,3419.0,6.425081,0.12514685,2642337107.0,5.6130815,1.2114936,28347176.0,5.6239724,138152565.0,5.691502,142691745.0,5.6764374,3.9908133,28879.0,58808.0,1.87,0.72744,27016.13,,,,,1.816,133.589,56.8,10.0,0.0,,0.0,,8.14941,0.936686,53.07,,,,77.28,,49.26,,12.3,10.7,12.1,7.0,7.1,,837.4,306.0,,4352.0,196.0,3127.0,196.0,392.0,,155.625,,383571318.0,5.6134076,259574012.0,5.765617,211263480.0,5.784314,332558441.0,5.6685963,306652841.0,5.691626,319826012.0,5.6840496,290600262.0,5.7178774,215910398.0,5.7774525,173534048.0,5.807963,302633689.0,5.6962194,260231929.0,5.733814,298046997.0,5.7042866,271541911.0,5.725905,5.6731105,259574012.0,5.6520805,211263480.0,5.694108,211263480.0,5.6700616,332551408.0,5.623348,332551408.0,5.6082478,306645808.0,5.6372747,306645808.0,5.6208625,319818979.0,5.63302,319818979.0,5.617488,290600262.0,5.6488495,290600262.0,5.631895,215910398.0,5.6771736,215910398.0,5.654971,173534048.0,5.707101,173534048.0,5.677314,302623550.0,5.640793,302623550.0,5.62597,260231929.0,5.66265,260231929.0,5.641373,298036858.0,5.6439776,298036858.0,5.6289234,271541911.0,5.6550074,271541911.0,5.6355934,,,,,675654799.0,0.30671218,55385695.0,0.21395795,675654799.0,0.35905084
25,uk,1998,5.642887259084345,5.054442106612473,6.154657376767127,5.5787861031674275,5.863047564306758,4.402999755912816,5.86816515627371,5.9839650075186075,6.574747010403402,5.145364913994419,5.8026975958867135,5.809623976865522,5.204991862756633,6.270231065122516,5.423680154644555,5.7448972660429956,5.392411911937868,5.637842604540286,6.501667391463228,6.7380909509028495,5.240088996168687,5.9423375650756,5.509932610651177,4.830870160848739,5.8574089191003225,5.204549026624167,5.595456822694981,4.480154994829031,6.301897120617525,5.883375304851126,6.31121067610685,4.5595612980783224,6.074841782760707,5.701886281058097,5.371105201393398,5.740591085995074,5.032119938664484,6.077100604060979,4.890869457973731,6.294942400912948,6.131973484517555,6.352695396689963,4.888735942131089,6.238729298241759,,3611.0,6.826987,0.12502168,2951305154.0,5.6169124,1.2234758,31304868.0,5.6301055,153424143.0,5.6963744,158507153.0,5.6814637,3.9930134,29714.0,59036.0,1.86,0.724729,28057.07,,,,,1.561,134.747,56.8,10.0,0.0,,0.0,,8.08362,0.930705,53.07,,,,77.38,,46.279,,12.3,10.6,10.3,8.0,6.1,,895.0,313.0,,4387.0,198.0,3140.0,200.0,398.0,,161.667,,428238521.0,5.617937,291143945.0,5.7701263,237920234.0,5.788042,372246271.0,5.672949,343669025.0,5.6953683,357976544.0,5.688608,325850269.0,5.7214947,241698999.0,5.7838187,195891739.0,5.811237,338007423.0,5.7019143,292423508.0,5.7370243,332970867.0,5.7102094,304888480.0,5.7298126,5.689472,291143945.0,5.6559086,237920234.0,5.7107043,237920234.0,5.6726284,372238747.0,5.6349387,372238747.0,5.611537,343661501.0,5.6500115,343661501.0,5.6243963,357969020.0,5.645535,357969020.0,5.6211286,325850269.0,5.6627955,325850269.0,5.6349053,241698999.0,5.6938257,241698999.0,5.659384,195891739.0,5.719755,195891739.0,5.677561,337997680.0,5.655283,337997680.0,5.6309214,292423508.0,5.676445,292423508.0,5.643999,332961124.0,5.6587706,332961124.0,5.633569,304888480.0,5.6687813,304888480.0,5.638401,,,,,754146953.0,0.30655587,62763619.0,0.2145724,754146953.0,0.35891256
26,uk,1999,5.930548125030606,5.840698613188595,6.2130185959373785,5.986318694314983,6.3319818351051484,4.969895299580894,5.831744641964067,6.692984568101197,6.136751161664277,6.2351859245144325,5.066901915935089,5.827427431565452,6.187274753007567,6.022094656092433,5.338318359006356,5.506061130153118,5.340424925453286,5.562840996993747,6.3709826129650615,6.411586311401786,6.350487474296857,5.1842030962843015,5.722974623658743,5.685820072158264,5.551123374864489,5.82193980343171,5.991208889300284,5.457480313102101,5.838912149107079,6.188612460758843,5.9667267380791404,5.4789023206017555,5.249020115183766,5.477291474239077,6.120105527890723,5.197540352309316,5.054655963631488,5.947574553061759,5.409568537512884,5.221808788530188,5.144107812039817,5.994816945304095,5.7835121890386745,4.899224073071823,,3688.0,6.817769,0.12547904,3102385630.0,5.617879,1.2158619,33111982.0,5.632678,162582178.0,5.698349,167957528.0,5.6840067,3.9921129,30587.0,59293.0,1.84,0.691564,28988.24,,,,,1.317,138.502,56.8,10.0,0.0,,0.0,,8.04635,0.927191,53.07,,,,77.86,,43.661,,12.9,10.8,10.1,6.0,6.0,,933.4,324.0,342752000.0,,,,,,100.0,111.042,,453304766.0,5.6180353,306152187.0,5.769741,249029528.0,5.7877216,392376159.0,5.67326,361527298.0,5.6959815,377190256.0,5.688542,342548124.0,5.7224636,254094263.0,5.7821946,204421172.0,5.810438,356337239.0,5.701375,306727462.0,5.7372518,350931631.0,5.709571,320048626.0,5.730137,5.678972,306152187.0,5.650261,249029528.0,5.7013173,249029528.0,5.6677833,392368051.0,5.626453,392368051.0,5.6066785,361519190.0,5.640181,361519190.0,5.61888,377182148.0,5.636155,377182148.0,5.6159086,342548124.0,5.65252,342548124.0,5.62934,254094263.0,5.682628,254094263.0,5.65329,204421172.0,5.708948,204421172.0,5.6722326,356328039.0,5.6462226,356328039.0,5.6248503,306727462.0,5.6672506,306727462.0,5.6383195,350922431.0,5.6491995,350922431.0,5.627229,320048626.0,5.6590323,320048626.0,5.6325336,,,,,795578312.0,0.30662167,65569640.0,0.21848008,795578312.0,0.35936803
27,uk,2000,5.74946539627444,4.6434684747388815,6.272301203794153,5.921896199522608,6.125862785922277,5.649935529963836,5.097532351099806,5.3911944885012755,6.420960695286505,5.428714375646415,6.542787858268636,5.789392912480321,4.7621438788329575,5.6784619329266395,5.8464113346146185,6.217029726273791,5.984322047887317,5.737746714962047,5.630098863248053,6.526735634667988,5.5197068413382215,5.991272150051568,5.644443943321098,4.837517862964897,6.298892488645247,6.05596779208158,5.441819131197243,6.279524441893978,5.0388821824100924,4.809252702479874,5.7091373533218785,5.666168169813156,6.307277308403034,5.786260103448725,4.836170993604986,5.796146227363787,5.949271303388294,6.021367516203562,6.254414271932504,5.552953103950274,5.491523398987616,6.01213948619307,5.745932039288242,6.202682693574916,,3494.0,6.589573,0.12569927,3752294385.0,5.616359,1.2200142,40151317.0,5.6336684,196820704.0,5.697221,203312600.0,5.6829724,3.9941757,31619.0,59522.0,1.87,0.702708,30155.49,1.0,76.0,0.95,40.4656,0.867,151.091,56.8,10.0,0.0,,0.0,13.07,8.08732,0.931654,53.07,,,,78.14,,40.869,58907.4,11.6,10.3,10.3,6.0,5.5,,1038.6,358.902,363974000.0,5168.0,228.0,3859.0,233.0,461.0,106.021,119.583,10842.0,548246399.0,5.6176286,369783648.0,5.7683954,300319685.0,5.78417,474413553.0,5.671931,436869858.0,5.694401,455989395.0,5.6873097,413839022.0,5.7204604,306294539.0,5.7811995,246054919.0,5.8074408,430280059.0,5.7006197,370051470.0,5.7343984,423676063.0,5.709122,386111852.0,5.7279387,5.678749,369783648.0,5.654803,300319685.0,5.701641,300319685.0,5.6698127,474403749.0,5.6260986,474403749.0,5.60912,436860054.0,5.6401277,436860054.0,5.622084,455979591.0,5.6362233,455979591.0,5.6190805,413839022.0,5.652034,413839022.0,5.6328406,306294539.0,5.6850286,306294539.0,5.6579742,246054919.0,5.7092857,246054919.0,5.676386,430265163.0,5.646392,430265163.0,5.6287494,370051470.0,5.666229,370051470.0,5.641626,423661167.0,5.650142,423661167.0,5.6317763,386111852.0,5.658119,386111852.0,5.6359262,,,,,963636996.0,0.30702367,79330859.0,0.21836634,963636996.0,0.35979703
28,uk,2001,5.905830381757124,5.343307350696917,6.132163388802954,5.629640341713568,5.481454551343,6.301749276563139,5.633958937805351,6.567210265086819,5.718668571043995,6.274292120520622,5.975859013994869,5.689594002851953,4.55845136476318,6.17742080455392,5.359171239346819,5.267656180864632,5.227179092235903,6.46284229281805,6.1867089265576425,5.772661827832179,5.803872851755402,6.079975447791806,5.581002378930457,5.008848671426951,5.38005398272513,5.73273805240709,5.6298764708372335,5.2314142997430535,5.971853601293992,6.039054512136284,5.292936548528722,5.692041547061073,5.831206103145036,5.644871629577727,4.752733479513305,6.141753974878452,6.055115536945263,5.229164317600269,5.592030467350683,6.036769649511122,5.897232501152773,5.491532636688602,5.007740736549382,6.24464299558743,,3258.0,6.352021,0.12658055,3578790115.0,5.6049848,1.229896,38741550.0,5.633186,189894294.0,5.6884284,196163316.0,5.673722,3.9921489,32356.0,59723.0,1.82,0.691438,30999.89,,,,,1.182,167.334,,10.0,,,,,7.74494,,,,,,78.26,,37.701,59137.9,11.4,10.1,9.5,5.0,4.8,,1127.1,410.34,382761000.0,5131.0,230.0,3916.0,237.0,467.0,110.209,136.25,,527578185.0,5.606352,355124502.0,5.7617555,288391607.0,5.779218,455804294.0,5.6640444,419600923.0,5.6871986,437946425.0,5.6793594,397187371.0,5.7138886,294776092.0,5.7722454,236668720.0,5.802972,414391132.0,5.690771,355591521.0,5.726963,407999038.0,5.699241,371128351.0,5.7192817,5.6646075,355124502.0,5.6441717,288391607.0,5.6840973,288391607.0,5.661101,455794655.0,5.613729,455794655.0,5.6006584,419591284.0,5.628227,419591284.0,5.6132526,437936786.0,5.6242776,437936786.0,5.610361,397187371.0,5.639682,397187371.0,5.623664,294776092.0,5.6671,294776092.0,5.646095,236668720.0,5.694491,236668720.0,5.66627,414380950.0,5.630071,414380950.0,5.6171556,355591521.0,5.651351,355591521.0,5.6323223,407988856.0,5.633499,407988856.0,5.6201663,371128351.0,5.643155,371128351.0,5.626527,,,,,919962426.0,0.3029541,76627448.0,0.19971289,919962426.0,0.35552043
29,uk,2002,5.61215511258956,6.152514920228777,6.5421530657152855,4.698340211242021,5.697039069836857,6.295373235377992,5.889430575793607,5.8118827729733615,5.965567953208279,4.039127624327807,5.030121697191621,5.73048793359824,6.7039224756904785,6.557553677995155,4.563287182896215,5.385113562795851,6.301800470334983,5.9331061058870445,6.266773374025052,5.853489818117237,4.224347204268197,5.515485463972192,5.402425890895308,4.761366196362375,5.7141121987391035,4.918066546182212,5.415729593746416,6.3386839791435206,5.699632198532258,5.291519148846744,6.219446327585838,4.549189471483135,5.116513248331478,5.446295401288808,4.6899533578784975,5.82394898796181,4.3759307816224595,5.394753098792902,6.205419967286447,5.803541112251898,5.709819767744781,6.405534941598331,4.5732924649391045,5.480759532811836,,3264.0,6.370787,0.12665255,4058321391.0,5.6081243,1.2216498,44057183.0,5.635062,215672723.0,5.6919312,222717832.0,5.678096,3.991567,32992.0,59912.0,1.84,0.687643,31713.03,,,,,1.274,,,10.0,,,,,7.41594,,,,,,78.35,,37.236,59392.0,11.3,10.2,9.7,5.0,5.1,,1183.9,442.0,383880000.0,5083.0,232.0,3948.0,241.0,473.0,114.66,130.0,,598696430.0,5.608838,400301927.0,5.763513,323206974.0,5.782344,515343258.0,5.6660376,473291336.0,5.689323,494916304.0,5.681321,447635204.0,5.7164264,331382669.0,5.774289,263804931.0,5.8044333,467708860.0,5.692627,398974731.0,5.7305775,460366859.0,5.701303,416824937.0,5.723167,5.6613865,400301927.0,5.6443734,323206974.0,5.6815114,323206974.0,5.6599736,515331955.0,5.611853,515331955.0,5.600613,473280033.0,5.6258826,473280033.0,5.6130667,494905001.0,5.622079,494905001.0,5.6100144,447635204.0,5.6372695,447635204.0,5.6236467,331382669.0,5.66447,331382669.0,5.645972,263804931.0,5.6935196,263804931.0,5.6670036,467697897.0,5.628874,467697897.0,5.6175237,398974731.0,5.649511,398974731.0,5.6318274,460355896.0,5.632374,460355896.0,5.6206055,416824937.0,5.642048,416824937.0,5.6264687,,,,,1046747178.0,0.30573842,86360101.0,0.21758834,1046747178.0,0.35946324
30,uk,2003,6.303614440477622,6.031400167020537,6.36198990615175,5.719814737007482,6.642207071440178,6.629056368858057,7.062612644980372,6.696490436642324,6.864347354342394,4.5937701756959335,6.434455542637197,6.011035388923809,6.192709715948008,5.42871082200063,5.5136270876969515,6.0560665869870105,6.472248869424565,7.109372281204287,5.297919727527564,6.923657665788784,4.9375239097148915,6.178517222945403,5.647455326404339,5.508544961853203,6.1672847715496575,6.128176776365813,5.461743270995577,5.7404916004810325,6.223860156981808,5.139042340383055,5.999780294898852,4.52823372070704,5.577395369827352,5.738698268608005,6.0475631240872145,6.0395311474602416,6.249036935391757,5.765633210758313,5.444278733328511,6.1878993878894555,4.767816911616603,6.166052228968197,5.161638891573611,5.557532115006137,,3267.0,6.05577,0.12662129,4001766660.0,5.6159015,1.2209595,43595324.0,5.6371565,212731747.0,5.6981096,219802198.0,5.6835856,3.9925764,33977.0,60095.0,1.83,0.694264,32704.06,,,,,1.363,174.996,,10.0,,,,,7.08187,,,,,,78.93,,38.549,59667.0,11.8,10.3,10.2,5.0,4.8,,1300.3,479.946,402761000.0,5022.0,229.0,3994.0,243.0,472.0,119.372,143.542,,588811926.0,5.61621,396485722.0,5.7688656,321610608.0,5.7860217,508453812.0,5.6719246,467903799.0,5.694986,488536211.0,5.687306,442831696.0,5.7216063,328285076.0,5.7815204,263697556.0,5.81106,461340510.0,5.7000465,395770339.0,5.735216,454330056.0,5.7085757,413014617.0,5.728285,5.662341,396485722.0,5.648701,321610608.0,5.679907,321610608.0,5.664185,508443288.0,5.6117826,508443288.0,5.6044044,467893275.0,5.6244493,467893275.0,5.617123,488525687.0,5.6212482,488525687.0,5.6144166,442831696.0,5.6357226,442831696.0,5.627794,328285076.0,5.662741,328285076.0,5.650905,263697556.0,5.688903,263697556.0,5.670221,461324803.0,5.630987,461324803.0,5.623612,395770339.0,5.647868,395770339.0,5.636242,454314349.0,5.6341786,454314349.0,5.626365,413014617.0,5.640594,413014617.0,5.630499,,,,,1029785702.0,0.3060147,85906169.0,0.22415324,1029785702.0,0.3592349
31,uk,2004,5.741032347943802,6.814837938044975,6.01582100604035,4.902887896822595,5.9993510177757,6.816952888541023,5.817541971958994,6.8860657229585005,4.480983613476795,3.3353892846171904,6.3404921392019045,5.845193496265743,5.182541058959007,6.434513978272737,5.235222286281815,6.150872429299034,6.405404641155193,5.785028507208338,6.96350741991871,6.2035972744447365,4.102687840931766,5.988559526186088,5.326680975059096,5.325266668163554,5.923648883978567,5.395986852277713,5.1403508688176425,5.86753581619318,5.633804445109036,5.128173282290218,4.0347552795573645,3.925807972478873,6.891479681724813,5.6805982988425745,4.588981057146543,6.134318993577289,5.419647334750908,5.7227529942931845,6.161722460702219,5.948708019702046,5.7430239053223255,6.231598643587168,4.358672331869193,6.496557247474865,,3301.0,6.271399,0.1264155,4132526897.0,5.618413,1.2289445,44936058.0,5.6414332,219637869.0,5.701046,226985898.0,5.6861315,3.9973547,34638.0,60271.0,1.77,0.679544,33501.85,,,,,1.344,153.607,,10.0,,,,,7.08973,,,,,,79.13,,40.234,59957.8,12.1,,10.2,5.0,4.6,,1434.1,516.52,435224000.0,4954.0,225.0,4014.0,244.0,469.0,120.942,139.583,,606597317.0,5.6193347,407739831.0,5.773673,331165709.0,5.7919145,523301822.0,5.6765904,481498144.0,5.6999383,502806121.0,5.691916,455772714.0,5.7266893,338039060.0,5.7850876,271843706.0,5.8161454,475225987.0,5.703859,408116311.0,5.7396684,467912756.0,5.712476,425736456.0,5.7326818,5.673675,407739831.0,5.6631503,331165709.0,5.6947055,331165709.0,5.6803417,523291919.0,5.622266,523291919.0,5.6170063,481488241.0,5.6360674,481488241.0,5.6304317,502796218.0,5.631946,502796218.0,5.626947,455772714.0,5.6471615,455772714.0,5.641369,338039060.0,5.6753464,338039060.0,5.668297,271843706.0,5.703859,271843706.0,5.690612,475209988.0,5.640188,475209988.0,5.63517,408116311.0,5.659978,408116311.0,5.6513157,467896757.0,5.6436753,467896757.0,5.6383424,425736456.0,5.6530323,425736456.0,5.645298,,,,,1060206033.0,0.30374843,89028495.0,0.22611709,1060206033.0,0.35691467
32,uk,2005,5.832952442363184,4.466818335694908,5.0558119370910335,6.298120606881878,6.565323287218933,6.038696512451263,5.309909889460132,6.266934942608774,6.334614909007522,5.969218779722768,6.024075223494619,5.577588265688705,4.674171601501223,5.540298439814278,5.39482509739601,6.354177184138175,6.374776181734794,5.012628070496584,6.596632182035174,4.050802661793971,5.752884327559099,6.0246869104177385,5.633540438623457,4.939833791118568,5.668301719300394,6.669184521139085,5.752747806875246,6.039918141239895,5.0721355938995725,5.6911692500884925,5.655406531338189,5.33335475421941,5.513352277015716,5.517869653136165,5.076103610662652,5.733981701263902,5.398902607773807,5.675219311855461,6.095817669751737,5.1279663767053965,5.976278267428402,4.765985761357549,5.812980780082532,5.515460444480208,,3171.0,6.014659,0.12676466,4134352531.0,5.6184354,1.236039,45014072.0,5.6392484,220974834.0,5.6998434,228279681.0,5.685219,3.9981651,35424.0,60441.0,1.81,0.686384,33982.91,,,,,2.041,182.677,,10.0,,,,,6.73802,,,,,,79.37,,42.08,60260.6,12.0,9.7,,5.0,4.6,,1625.24,553.045,467424000.0,4897.0,224.0,4002.0,247.0,471.0,127.225,151.875,,607158457.0,5.619301,408523736.0,5.7743144,331737502.0,5.7919497,523558488.0,5.6771574,481657222.0,5.701032,502947870.0,5.692622,456001839.0,5.7276826,338292448.0,5.786241,272107866.0,5.8171916,475362427.0,5.7040224,408295596.0,5.7403193,467975587.0,5.713158,426030877.0,5.7332296,5.6663327,408523736.0,5.6502633,331737502.0,5.6870265,331737502.0,5.667376,523548817.0,5.616769,523548817.0,5.605711,481647551.0,5.6295476,481647551.0,5.618704,502938199.0,5.6264052,502938199.0,5.6151595,456001839.0,5.6410227,456001839.0,5.62973,338292448.0,5.66886,338292448.0,5.6535964,272107866.0,5.6991453,272107866.0,5.6769166,475347219.0,5.63245,475347219.0,5.6228657,408295596.0,5.6532965,408295596.0,5.6385865,467960379.0,5.635984,467960379.0,5.625924,426030877.0,5.6463566,426030877.0,5.633009,,,,,1059565885.0,0.30291945,89940667.0,0.21091108,1059565885.0,0.35620555
33,uk,2006,5.834052743781703,6.856218734809183,6.3591080288916135,5.791045089656565,6.866933314679196,4.8790367313178304,5.8562278357715485,3.36733973210322,5.777525078333027,6.43101053999845,6.1560823522563854,5.993364176159533,6.704321544461679,6.219465423369268,6.4287422134559655,6.928506981628559,4.939065450370257,6.149533027082429,3.0827479685649597,6.2556610101051175,6.5236494452772105,6.7019486972798825,5.355292995074196,5.889284641829296,5.013473128639599,4.897721684496268,6.299392230138639,5.603478214183309,5.366490964206573,4.277501959144384,5.341250919347906,5.758999049063863,5.105337159692129,5.348717228554575,5.910741081362174,5.083549456633947,5.027890954056251,6.335115862822201,5.624105613969593,5.1166239427780145,4.125605334058976,5.313043190816789,5.342456479690102,5.608040369357708,,3328.0,,0.12571988,4956764798.0,5.635319,1.270136,52580360.0,5.655314,257091649.0,5.715294,265534195.0,5.6993403,4.000465,36045.0,60609.0,1.78,0.689461,34685.56,,,,,2.3,172.377,,10.0,,,,,6.48548,,,,,,79.56,,43.126,60574.5,12.355,9.445,,5.0,5.4,,1854.36,586.956,501822000.0,4409.184,255.69,5306.369,378.882,634.572,129.581,162.5,,716359838.0,5.6352673,496877418.0,5.7840405,413633044.0,5.797182,627430423.0,5.688725,583050833.0,5.7098136,604437934.0,5.7036924,555016910.0,5.733959,411229076.0,5.8017483,345511032.0,5.82015,570389214.0,5.7191796,504384537.0,5.7451606,562117231.0,5.7278013,524127092.0,5.7383513,5.6682224,496877418.0,5.6534166,413633044.0,5.6836896,413633044.0,5.665422,627416955.0,5.619282,627416955.0,5.6095214,583037365.0,5.6323857,583037365.0,5.6212635,604424466.0,5.6289988,604424466.0,5.618729,555016910.0,5.6425185,555016910.0,5.6315365,411229076.0,5.672061,411229076.0,5.660741,345511032.0,5.693762,345511032.0,5.6717176,570372154.0,5.637554,570372154.0,5.6283045,504384537.0,5.652667,504384537.0,5.63834,562100171.0,5.640824,562100171.0,5.6313376,524127092.0,5.6457,524127092.0,5.6329017,,,,,1258329796.0,0.30285472,111945626.0,0.23257993,1258329796.0,0.35335207
34,uk,2007,6.061039466289426,5.548854838328679,5.7414934377118,5.416360362072437,6.561061007277223,6.419316768469884,6.6647469336153256,6.200895499969027,6.424426528457376,6.319102761444223,5.314136525548276,5.991150457092002,6.137155600331822,6.260993126180395,5.307387434453407,6.4158211971955135,4.559303247063864,6.8136832582732065,6.431805623405943,6.455253338301562,5.877333540909016,5.652768204805285,5.346996936001249,5.387674806825516,4.861379745311123,4.739549063964229,5.737795858803505,5.621384527295276,5.231409225111761,5.290346694609147,5.213166603831689,5.824408307162706,5.562854527097534,5.30731260652964,4.98606356434756,4.86958037428897,5.266174344878966,5.796208201390512,4.738903466362161,4.633094674075972,5.884744561784903,5.0710195082690275,6.012793646098468,5.814543723799863,,3158.0,,0.12511861,6393821774.0,5.639341,1.2727513,66903780.0,5.654214,329200622.0,5.713884,340037318.0,5.697534,4.000973,36679.0,60776.0,1.8,0.69719,35710.53,,,,,2.346,,,10.0,,,,,6.27224,,,,,,79.68,,43.94,60899.2,12.665,9.425,,5.0,5.3,,2147.56,617.265,527306000.0,4465.021,244.391,5356.45,375.385,619.776,135.34,186.042,,917998763.0,5.6386003,644671773.0,5.783393,540848487.0,5.7957735,809664648.0,5.6892204,755757005.0,5.70967,780847704.0,5.704384,720628357.0,5.733326,534975876.0,5.8019724,454165875.0,5.819656,737477645.0,5.720421,659118842.0,5.7439523,727249838.0,5.7286873,683966486.0,5.736847,5.6682515,644671773.0,5.6528068,540848487.0,5.681424,540848487.0,5.66494,809646723.0,5.620587,809646723.0,5.6101475,755739080.0,5.631948,755739080.0,5.6209965,780829779.0,5.6297956,780829779.0,5.618759,720628357.0,5.6420336,720628357.0,5.630673,534975876.0,5.6742015,534975876.0,5.6595926,454165875.0,5.6906943,454165875.0,5.6706324,737463214.0,5.6399045,737463214.0,5.6286826,659118842.0,5.651358,659118842.0,5.6375656,727235407.0,5.642892,727235407.0,5.631594,683966486.0,5.6444693,683966486.0,5.6323047,,,,,1622672277.0,0.3054961,145023958.0,0.24331486,1622672277.0,0.3544614
35,uk,2008,6.293922139316753,5.824030065360284,5.657809878565232,6.305723315958921,7.033969502765771,6.4449346776521566,6.069561186262777,6.022890052834679,6.472339916377175,5.953495366047193,7.15446743134334,5.696746492051083,4.866892115573908,5.491192114285816,5.234978700618628,6.758936825307634,5.933934464956415,6.334596436166548,4.527161528114882,5.992892986598978,5.561806380907109,6.265073367980902,5.8465846923426525,5.639244776010251,5.532384723385714,5.736522136532567,6.370497752108832,5.539186230103784,5.981237561726023,5.3533570896713405,5.926259878132808,6.237419634069117,6.1497371416860815,5.4743708156614135,5.562943659689903,5.674531299786029,5.378861250187929,6.262453378913228,4.868989451474059,5.3702158572850776,4.792257989143232,6.1988290757235065,4.9986924031464905,5.635933791264678,,,,0.12554151,5647091670.0,5.639287,1.2860057,59780738.0,5.6631308,291393978.0,5.7172213,300974807.0,5.700171,4.0015926,36163.0,60944.0,1.82,0.714622,35048.55,,,,,3.629,,,10.0,,,,,6.11069,,,,,,80.18,,52.052,61230.9,12.939,9.442,,5.0,5.7,,2529.9,686.186,561180000.0,4416.474,245.879,5429.636,,,136.387,170.417,,812345204.0,5.638299,573474771.0,5.7842226,483872776.0,5.7960343,717251303.0,5.6898856,670574603.0,5.71014,692041667.0,5.704982,640021629.0,5.7332883,476300337.0,5.803375,408419101.0,5.8193793,655076110.0,5.720168,587600007.0,5.7427044,646144475.0,5.728731,609028690.0,5.7352824,5.667324,573474771.0,5.6511297,483872776.0,5.6819077,483872776.0,5.6611915,717235655.0,5.6184607,717235655.0,5.60847,670558955.0,5.629865,670558955.0,5.6194553,692026019.0,5.6272717,692026019.0,5.617244,640021629.0,5.639641,640021629.0,5.6286473,476300337.0,5.6760745,476300337.0,5.6584964,408419101.0,5.692604,408419101.0,5.66653,655062799.0,5.6366115,655062799.0,5.6260996,587600007.0,5.6486435,587600007.0,5.6339602,646131164.0,5.640102,646131164.0,5.629161,609028690.0,5.641778,609028690.0,5.6293087,,,,,1426772168.0,0.3010334,129832848.0,0.24126026,1426772168.0,0.34980556
36,uk,2009,6.030156405969824,6.359827036504412,6.482577374319755,6.388005069003906,5.605181351550903,4.999083945458186,6.3516876263783475,6.346973246588553,6.015388899482247,5.633181391930647,6.119658118481281,5.758453785431664,6.451426123327625,6.873490470349416,6.271901601218502,5.56784478411999,5.049683219334945,5.97653002056324,5.1277671987746265,5.445196396240016,5.659964672685086,5.160733367703187,5.57721621745249,6.014786359772957,5.617186325197195,4.89988704123345,5.026728895852331,5.197902464197428,6.389245962207825,5.80780996906384,6.265998431150308,5.193996242396985,5.3586204834525795,5.394686682025755,5.688827574344143,6.158888319539268,4.699923460379583,4.505831733077764,5.732436616556551,6.035196729297423,5.1514992232421575,5.612459705707844,5.92168297268216,4.440120485430664,,,,,,,,,,,,,,5.535529,,,,,,,,,,0.765571,,,,0.0,,0.0,,,,,,,,,,,,,,,,,,,,,,,,,,,,,597133219.0,5.6382923,408460306.0,5.7920346,336714895.0,5.8073664,516902511.0,5.6957893,477983001.0,5.71851,497228480.0,5.7106614,453972491.0,5.743917,339620165.0,5.8073688,280641580.0,5.8303986,471994536.0,5.723537,411814333.0,5.7537546,465005788.0,5.7325387,428119062.0,5.7469263,5.6732817,408460306.0,5.654036,336714895.0,5.6908927,336714895.0,5.668481,516894432.0,5.623404,516894432.0,5.6096973,477974922.0,5.6369095,477974922.0,5.621805,497220401.0,5.632874,497220401.0,5.618908,453972491.0,5.6479163,453972491.0,5.6318088,339620165.0,5.6802993,339620165.0,5.6592336,280641580.0,5.7007995,280641580.0,5.6762934,471984772.0,5.6413126,471984772.0,5.626925,411814333.0,5.6571994,411814333.0,5.6392946,464996024.0,5.6450787,464996024.0,5.6300263,428119062.0,5.650705,428119062.0,5.6342564,,,,,1036062108.0,0.29566282,92681323.0,0.20752493,1036062108.0,0.34715486
37,uk,2010,6.0614364330507025,3.9839650079959497,6.605550789433372,6.215120658399954,6.4278809223180815,6.584629477524737,5.707616520359736,,6.62819343998286,5.8923075658848445,6.507663515556791,6.110691053785836,5.875218479047848,5.34522425023991,6.322580388308634,6.496495998487547,6.131506354019757,6.159730301043341,,5.980340451849427,5.875548897159864,6.8095743639161945,5.392659683853661,4.4525398142617085,5.239985062162713,5.071056839126272,5.708724899695055,5.390669702591191,5.108945529049426,,5.580333124948009,5.888742155354728,6.092940027493838,5.441262867788129,5.393026983108926,5.1990655267004335,5.576962609704326,5.677834440906023,5.201135468746488,5.240129689967067,,4.741098823216169,6.1221755400305184,5.8199367277132,,,,,,,,,,,,,,,,,,,,,,,,,,,,,,,,,,,,,,,,,,,,,,,,,,,,,,,,,,,,,,,,,,,,,,,,,,,,,,,,,,,,,,,,,,,,,,,,,,,,,,,,,,,,,,,,,,,,,,,,,,,,,,,,,,,,,,,,,,,,,
38,uk,2011,5.993194919230848,4.429676161441226,6.209125319874937,6.427161804338264,6.345201354245077,6.9778139800007,4.3301020013099,6.399446144951249,6.666025997167718,6.440306552794175,5.7070898761852265,5.783656451614105,4.580588717344348,5.984175731423588,5.40369541629468,6.164236900870558,6.213060686611903,3.9464940834544953,6.788044814264102,6.0100470444402445,6.691391282306143,6.054829839130986,5.612206978168151,5.400213366884785,5.182761741100916,5.573938168364271,6.015186676234701,6.048680940965962,4.356300353270921,5.939033204714852,5.743362724010043,6.130178363617025,5.73241424251803,5.537545957787096,5.075488473247722,5.238595082040493,5.274066281169689,5.540317032694781,5.7057746283757576,4.741755313645967,6.008892352415452,5.519296383782747,6.570210872097888,5.7010631584004665,,,,,,,,,,,,,,,,,,,,,,,,,,,,,,,,,,,,,,,,,,,,,,,,,,,,,,,,,,,,,,,,,,,,,,,,,,,,,,,,,,,,,,,,,,,,,,,,,,,,,,,,,,,,,,,,,,,,,,,,,,,,,,,,,,,,,,,,,,,,,
39,uk,2012,6.447574005682148,5.392951255527394,6.778705575453673,6.673772149093603,6.897022068071588,6.641985773226337,6.053899414671882,6.590347909671077,5.859298334761053,6.6291781985181375,6.9585793778267275,6.355421550481061,5.948753148385039,6.345787196982652,7.174370544821036,5.7918652539350415,6.424090315459213,6.5359162326843085,6.030747565381692,6.368910921261199,5.930331582169328,7.003442743731108,5.769699503565812,5.554938726225044,6.2862340644073935,6.016023876886018,5.9671128203203185,5.888885830129608,4.1978386115368265,5.710543075680985,5.595874919763531,6.377260632508709,6.1022824781996885,5.9929480933020844,5.5373535571010315,6.524499277519972,5.834283127871661,5.748866783396603,6.5069324547814285,5.0443073449992415,5.84395355580644,6.1872566346818125,6.180875464185793,6.521152732676869,,,,,,,,,,,,,,,,,,,,,,,,,,,,,,,,,,,,,,,,,,,,,,,,,,,,,,,,,,,,,,,,,,,,,,,,,,,,,,,,,,,,,,,,,,,,,,,,,,,,,,,,,,,,,,,,,,,,,,,,,,,,,,,,,,,,,,,,,,,,,
40,uk,2013,5.863931644421838,5.093579017336047,5.444032156664085,4.890257882616927,6.202457231138372,5.931397869442848,5.6471246976468095,5.598069843383824,6.534588667335192,6.27654986870512,7.021259209949148,5.726853687421743,4.810235002027318,5.464511008728134,4.4986637424944815,5.596973614444255,5.512925460804527,6.043846692379793,6.2144939820399685,6.570468174049156,6.11358222352379,6.4428369737260125,5.46565400824548,5.263117010371621,5.319890060178741,4.754164038331781,4.528774594329267,5.856407704462179,6.068384938857112,5.030779120301399,6.151150993619303,5.866553216656902,5.817318405346488,5.547101303482351,5.608655101199412,5.368416834831177,4.376556275405094,4.662379907379085,5.275306138453669,6.486880886351317,5.6389734737449375,6.150694879838897,5.938525660571954,5.964623877047963,,,,,,,,,,,,,,,,,,,,,,,,,,,,,,,,,,,,,,,,,,,,,,,,,,,,,,,,,,,,,,,,,,,,,,,,,,,,,,,,,,,,,,,,,,,,,,,,,,,,,,,,,,,,,,,,,,,,,,,,,,,,,,,,,,,,,,,,,,,,,
41,uk,2014,5.613367373847938,6.500907233893565,6.042292620269183,4.080451129146609,5.099013566965642,6.093034920183313,4.971882124714488,4.4927731211054365,5.9930041975100234,7.096103413080825,5.764211411610294,5.664056432186291,6.4679129506408,6.233699375556098,3.5430344285036823,5.2516352264385935,6.847687522990083,4.846010441316602,4.410161774138626,6.4007794096179085,6.466776917554832,6.172866275105691,5.805442877474518,5.799664073210411,6.145135908773612,5.127833616188316,5.403877419282784,7.155350084248643,5.702009289439242,4.676740235691006,5.942180278298157,6.379939374740081,5.721698494872933,5.610926336484065,5.411513534260257,6.222637875332217,4.607433902288972,5.339908854955714,6.857486375249972,5.5198811599089685,4.723825513914367,6.04695013117584,5.802290012672057,5.57733600508229,,,,,,,,,,,,,,,,,,,,,,,,,,,,,,,,,,,,,,,,,,,,,,,,,,,,,,,,,,,,,,,,,,,,,,,,,,,,,,,,,,,,,,,,,,,,,,,,,,,,,,,,,,,,,,,,,,,,,,,,,,,,,,,,,,,,,,,,,,,,,
42,uk,2015,5.786134500606208,6.42747855925926,5.686565819411112,5.463960488973344,4.672285665553493,5.741604684654528,6.0031319829931675,5.922786830520939,5.667237459458463,6.069838876557973,6.206454638679798,5.5783206618502,6.59085038195524,5.727382088113724,5.306691514610316,5.000099532746648,5.539853648488405,6.098710642877403,5.371111351363566,6.072230502960008,5.086588114993313,4.989688840393374,5.5404800610358995,6.088248871856568,5.8440210427534725,4.2363716738220685,5.130775064422797,5.110899078459031,5.916050115191293,6.173312887889754,5.521656073372129,5.94391610486811,5.439549697723766,5.481151084855186,4.909193492399028,6.0549474998457145,4.624840201799182,5.63780874973395,4.919452880519632,6.236495735289482,6.434127223446442,5.741567170889086,5.350959602882654,4.902118291746684,,,,,,,,,,,,,,,,,,,,,,,,,,,,,,,,,,,,,,,,,,,,,,,,,,,,,,,,,,,,,,,,,,,,,,,,,,,,,,,,,,,,,,,,,,,,,,,,,,,,,,,,,,,,,,,,,,,,,,,,,,,,,,,,,,,,,,,,,,,,,
43,uk,2016,5.9492812182906585,6.5483329924452285,6.941525716072543,5.850230898395235,6.531682848101162,6.349119773062338,5.917059189365648,4.692525365478605,4.77843665218333,5.656203451842543,6.227695295959943,5.7557976065810665,6.364056202150523,7.003650592938841,5.7159562069087855,5.214222591303818,6.334779907756888,6.17286371394252,4.1475426647208495,4.295045940861867,6.513463113841247,5.796395131385323,5.705122937372299,6.2581274647567176,6.498968708464442,5.250369389986771,5.954947490411374,6.075359158276968,6.043843406998394,4.6839867840504015,5.470494003877271,5.39674922888099,5.418383738019656,5.7477029725075095,6.277745888309068,6.147610667745937,5.7167438111480475,5.395991308013149,5.558509281404402,6.69204195630852,4.6798584253192415,5.687564868492467,5.767491000627498,5.553472517706757,,,,,,,,,,,,,,,,,,,,,,,,,,,,,,,,,,,,,,,,,,,,,,,,,,,,,,,,,,,,,,,,,,,,,,,,,,,,,,,,,,,,,,,,,,,,,,,,,,,,,,,,,,,,,,,,,,,,,,,,,,,,,,,,,,,,,,,,,,,,,
44,uk,2017,6.021096128497596,5.413940189618653,6.560477171757016,5.9719447339482326,6.0042262734838525,7.063689158439963,6.327268033301184,4.7598673313639415,5.562184350490996,5.680407398599672,6.8669566439724505,5.957024092149176,6.292286703241311,6.372852543301178,6.086689382067858,5.784181533313923,6.2308735686835615,6.643815679073981,4.814664696771817,5.34444890170263,5.3898995162400904,6.610528397095404,5.755181612975841,5.973827356753125,6.3238418120079585,5.1966709151979416,5.780803157693695,6.34616196417277,6.454851048984237,4.745668011237528,5.3182113899622765,5.0143566361130985,6.3974238376357935,5.76220727557824,6.33113678888344,6.27979404075361,5.425540318123453,5.253934849516629,6.540503977405393,6.505742962706711,4.894874144571828,5.3358086073546405,5.010404486992185,6.044332579474517,,,,,,,,,,,,,,,,,,,,,,,,,,,,,,,,,,,,,,,,,,,,,,,,,,,,,,,,,,,,,,,,,,,,,,,,,,,,,,,,,,,,,,,,,,,,,,,,,,,,,,,,,,,,,,,,,,,,,,,,,,,,,,,,,,,,,,,,,,,,,
45,uk,2018,5.926025761421718,6.4549222709343335,6.192674105347444,6.156086434815945,,5.9148832940135225,6.164151340844787,6.1237936865026485,6.385884505489124,5.063414107314976,4.878422107532682,5.765780092949448,6.032114702079984,5.892359055680567,5.962262588284522,,6.1421709677800145,6.458506734000312,5.638121935590996,5.770389800419384,5.0168054909346536,4.979289561774596,5.612818082963733,5.2219978615396965,5.630743367866608,5.9800593661819255,,5.3770200488673225,6.03201275944667,5.820019733251918,6.1058975520391,5.001807891110056,5.345804166370306,5.535224467186694,5.340464290545091,5.8073694925257096,5.05609412996491,,5.344667497097558,6.094246973832205,5.985253453442099,5.677239255139941,5.431249163983545,5.080435948149189,,,,,,,,,,,,,,,,,,,,,,,,,,,,,,,,,,,,,,,,,,,,,,,,,,,,,,,,,,,,,,,,,,,,,,,,,,,,,,,,,,,,,,,,,,,,,,,,,,,,,,,,,,,,,,,,,,,,,,,,,,,,,,,,,,,,,,,,,,,,,
46,uk,2019,5.386277110586169,4.401615203548765,5.608514336064596,5.24281101410257,5.103547669392965,6.09462402868516,4.9087611597157474,6.474639334786402,,4.478917506304776,6.16306374267455,5.4811429883172345,4.882785238958944,5.4414491320474765,4.990484359255205,5.020778453748554,5.660102029442093,5.424274395316783,5.967645144303429,,6.143976626704867,5.798791515077754,5.4424756508050045,5.03631170536053,5.307484684181847,5.352910899582605,5.575692838281137,5.894671079090714,5.531805313529544,5.801604335877317,,4.579240217190032,5.902559784151316,5.586407526377446,5.066989237823915,5.3017555874049735,5.411342907898256,5.74232151409214,6.198823270822933,5.861523823610744,6.075795891228794,,4.872281485480051,5.746834019035207,,,,,,,,,,,,,,,,,,,,,,,,,,,,,,,,,,,,,,,,,,,,,,,,,,,,,,,,,,,,,,,,,,,,,,,,,,,,,,,,,,,,,,,,,,,,,,,,,,,,,,,,,,,,,,,,,,,,,,,,,,,,,,,,,,,,,,,,,,,,,
